session_id,station_id,start_time,end_time,charging_duration_min,energy_kWh,hour,day_of_week,season
S0001,ST105,2022-09-17 10:01,2022-09-17 10:53,52,17.54,10,Saturday,Monsoon
S0002,ST101,2022-11-12 01:18,2022-11-12 01:55,37,9.24,1,Saturday,Autumn
S0003,ST106,2022-09-05 11:07,2022-09-05 12:02,55,18.83,11,Monday,Monsoon
S0004,ST101,2022-10-14 06:16,2022-10-14 07:36,80,16.58,6,Friday,Autumn
S0005,ST102,2022-12-12 07:34,2022-12-12 08:14,40,12.05,7,Monday,Winter
S0006,ST103,2022-12-25 21:21,2022-12-25 21:59,38,8.63,21,Sunday,Winter
S0007,ST105,2022-12-18 23:46,2022-12-19 01:00,74,24.67,23,Sunday,Winter
S0008,ST105,2022-11-24 19:54,2022-11-24 21:18,84,24.86,19,Thursday,Autumn
S0009,ST102,2022-12-19 02:47,2022-12-19 04:06,79,19.35,2,Monday,Winter
S0010,ST103,2022-11-02 09:17,2022-11-02 09:39,22,6.67,9,Wednesday,Autumn
S0011,ST102,2022-12-17 15:34,2022-12-17 16:24,50,10.22,15,Saturday,Winter
S0012,ST103,2022-11-16 13:15,2022-11-16 14:01,46,16.08,13,Wednesday,Autumn
S0013,ST106,2022-12-17 15:10,2022-12-17 15:41,31,5.91,15,Saturday,Winter
S0014,ST104,2022-10-30 11:11,2022-10-30 12:01,50,10.93,11,Sunday,Autumn
S0015,ST104,2022-12-28 08:27,2022-12-28 09:35,68,19.71,8,Wednesday,Winter
S0016,ST102,2022-11-26 20:44,2022-11-26 22:13,89,28.06,20,Saturday,Autumn
S0017,ST101,2022-11-05 00:46,2022-11-05 01:08,22,6.56,0,Saturday,Autumn
S0018,ST103,2022-10-28 01:56,2022-10-28 03:13,77,17.43,1,Friday,Autumn
S0019,ST103,2022-09-15 19:42,2022-09-15 21:02,80,24.48,19,Thursday,Monsoon
S0020,ST105,2022-10-04 15:12,2022-10-04 16:13,61,11.3,15,Tuesday,Autumn
S0021,ST104,2022-10-12 19:57,2022-10-12 21:23,86,22.98,19,Wednesday,Autumn
S0022,ST101,2022-10-30 18:58,2022-10-30 20:02,64,20.61,18,Sunday,Autumn
S0023,ST101,2022-12-22 19:55,2022-12-22 21:10,75,17.12,19,Thursday,Winter
S0024,ST101,2022-09-05 09:54,2022-09-05 11:19,85,26.64,9,Monday,Monsoon
S0025,ST104,2022-10-02 03:59,2022-10-02 05:24,85,25.57,3,Sunday,Autumn
S0026,ST101,2022-10-05 00:47,2022-10-05 01:31,44,12.62,0,Wednesday,Autumn
S0027,ST101,2022-09-23 06:23,2022-09-23 07:34,71,23.71,6,Friday,Monsoon
S0028,ST106,2022-09-23 17:18,2022-09-23 18:46,88,20.84,17,Friday,Monsoon
S0029,ST105,2022-12-15 05:25,2022-12-15 06:32,67,22.3,5,Thursday,Winter
S0030,ST103,2022-11-07 14:47,2022-11-07 15:28,41,7.63,14,Monday,Autumn
S0031,ST101,2022-12-11 08:35,2022-12-11 09:07,32,5.9,8,Sunday,Winter
S0032,ST102,2022-12-04 22:55,2022-12-05 00:10,75,23.32,22,Sunday,Winter
S0033,ST106,2022-11-03 11:36,2022-11-03 12:19,43,9.67,11,Thursday,Autumn
S0034,ST103,2022-11-22 07:37,2022-11-22 08:46,69,15.54,7,Tuesday,Autumn
S0035,ST103,2022-09-24 03:05,2022-09-24 03:42,37,8.99,3,Saturday,Monsoon
S0036,ST104,2022-10-19 19:49,2022-10-19 21:17,88,22.05,19,Wednesday,Autumn
S0037,ST103,2022-12-04 06:22,2022-12-04 06:56,34,6.45,6,Sunday,Winter
S0038,ST104,2022-10-24 11:06,2022-10-24 12:19,73,16.28,11,Monday,Autumn
S0039,ST103,2022-09-05 16:40,2022-09-05 17:58,78,22.76,16,Monday,Monsoon
S0040,ST101,2022-11-04 11:19,2022-11-04 12:39,80,20.03,11,Friday,Autumn
S0041,ST105,2022-12-05 18:51,2022-12-05 19:45,54,16.19,18,Monday,Winter
S0042,ST101,2022-11-27 17:30,2022-11-27 17:55,25,8.32,17,Sunday,Autumn
S0043,ST106,2022-10-15 16:19,2022-10-15 17:13,54,11.17,16,Saturday,Autumn
S0044,ST105,2022-09-10 11:04,2022-09-10 12:05,61,20.28,11,Saturday,Monsoon
S0045,ST105,2022-10-04 18:50,2022-10-04 19:26,36,10.1,18,Tuesday,Autumn
S0046,ST103,2022-12-29 16:35,2022-12-29 17:57,82,22.41,16,Thursday,Winter
S0047,ST102,2022-10-23 05:56,2022-10-23 07:17,81,26.42,5,Sunday,Autumn
S0048,ST101,2022-10-03 22:33,2022-10-03 23:42,69,13.27,22,Monday,Autumn
S0049,ST106,2022-11-29 02:36,2022-11-29 04:03,87,18.75,2,Tuesday,Autumn
S0050,ST105,2022-12-10 02:46,2022-12-10 04:03,77,17.96,2,Saturday,Winter
S0051,ST104,2022-11-16 13:03,2022-11-16 13:57,54,15.36,13,Wednesday,Autumn
S0052,ST104,2022-12-08 21:15,2022-12-08 22:05,50,13.64,21,Thursday,Winter
S0053,ST105,2022-11-28 10:46,2022-11-28 11:59,73,20.85,10,Monday,Autumn
S0054,ST106,2022-10-18 03:01,2022-10-18 03:34,33,11.46,3,Tuesday,Autumn
S0055,ST105,2022-12-11 21:58,2022-12-11 23:23,85,20.1,21,Sunday,Winter
S0056,ST106,2022-12-17 22:03,2022-12-17 23:27,84,26.88,22,Saturday,Winter
S0057,ST104,2022-09-19 14:50,2022-09-19 15:10,20,5.84,14,Monday,Monsoon
S0058,ST101,2022-09-01 15:42,2022-09-01 16:22,40,13.65,15,Thursday,Monsoon
S0059,ST104,2022-12-04 10:20,2022-12-04 11:00,40,10.48,10,Sunday,Winter
S0060,ST105,2022-10-25 19:18,2022-10-25 19:50,32,7.83,19,Tuesday,Autumn
S0061,ST102,2022-10-24 11:38,2022-10-24 12:22,44,9.14,11,Monday,Autumn
S0062,ST104,2022-11-29 15:25,2022-11-29 16:22,57,12.71,15,Tuesday,Autumn
S0063,ST101,2022-12-09 20:43,2022-12-09 22:05,82,19.72,20,Friday,Winter
S0064,ST105,2022-11-28 20:56,2022-11-28 21:56,60,18.84,20,Monday,Autumn
S0065,ST105,2022-12-02 17:36,2022-12-02 17:57,21,5.97,17,Friday,Winter
S0066,ST105,2022-12-12 20:04,2022-12-12 20:26,22,6.6,20,Monday,Winter
S0067,ST104,2022-09-07 23:37,2022-09-08 00:32,55,10.86,23,Wednesday,Monsoon
S0068,ST105,2022-11-27 22:11,2022-11-27 23:10,59,20.47,22,Sunday,Autumn
S0069,ST104,2022-10-29 11:14,2022-10-29 12:35,81,24.22,11,Saturday,Autumn
S0070,ST101,2022-10-02 16:09,2022-10-02 16:36,27,7.1,16,Sunday,Autumn
S0071,ST105,2022-11-25 08:22,2022-11-25 09:36,74,23.52,8,Friday,Autumn
S0072,ST105,2022-09-15 07:47,2022-09-15 08:38,51,12.79,7,Thursday,Monsoon
S0073,ST105,2022-11-23 12:34,2022-11-23 13:13,39,12.18,12,Wednesday,Autumn
S0074,ST101,2022-10-11 09:21,2022-10-11 09:59,38,11.91,9,Tuesday,Autumn
S0075,ST106,2022-11-20 09:50,2022-11-20 10:17,27,6.12,9,Sunday,Autumn
S0076,ST101,2022-09-07 05:40,2022-09-07 06:43,63,17.03,5,Wednesday,Monsoon
S0077,ST105,2022-12-01 09:41,2022-12-01 10:16,35,7.53,9,Thursday,Winter
S0078,ST104,2022-09-22 10:28,2022-09-22 11:39,71,16.12,10,Thursday,Monsoon
S0079,ST102,2022-10-20 22:03,2022-10-20 22:43,40,8.04,22,Thursday,Autumn
S0080,ST101,2022-12-25 09:51,2022-12-25 10:49,58,16.06,9,Sunday,Winter
S0081,ST103,2022-11-12 01:42,2022-11-12 02:14,32,8.08,1,Saturday,Autumn
S0082,ST106,2022-09-15 19:18,2022-09-15 20:40,82,25.91,19,Thursday,Monsoon
S0083,ST103,2022-09-15 08:28,2022-09-15 09:58,90,17.02,8,Thursday,Monsoon
S0084,ST102,2022-09-24 19:33,2022-09-24 20:28,55,14.83,19,Saturday,Monsoon
S0085,ST104,2022-12-11 19:12,2022-12-11 20:04,52,16.38,19,Sunday,Winter
S0086,ST102,2022-09-12 09:55,2022-09-12 10:26,31,6.08,9,Monday,Monsoon
S0087,ST101,2022-11-03 05:59,2022-11-03 06:43,44,13.97,5,Thursday,Autumn
S0088,ST105,2022-09-07 09:10,2022-09-07 10:26,76,19.98,9,Wednesday,Monsoon
S0089,ST105,2022-10-14 14:01,2022-10-14 14:53,52,15.83,14,Friday,Autumn
S0090,ST104,2022-09-05 13:26,2022-09-05 14:36,70,13.86,13,Monday,Monsoon
S0091,ST105,2022-10-20 16:18,2022-10-20 17:08,50,15.83,16,Thursday,Autumn
S0092,ST106,2022-11-05 18:29,2022-11-05 18:49,20,3.92,18,Saturday,Autumn
S0093,ST102,2022-11-19 07:16,2022-11-19 08:37,81,25.75,7,Saturday,Autumn
S0094,ST106,2022-09-23 20:28,2022-09-23 21:17,49,16.46,20,Friday,Monsoon
S0095,ST105,2022-09-27 11:09,2022-09-27 12:23,74,25.74,11,Tuesday,Monsoon
S0096,ST103,2022-12-03 14:29,2022-12-03 15:39,70,13.95,14,Saturday,Winter
S0097,ST103,2022-10-16 11:03,2022-10-16 12:06,63,18.71,11,Sunday,Autumn
S0098,ST106,2022-12-11 21:44,2022-12-11 22:13,29,6.61,21,Sunday,Winter
S0099,ST106,2022-10-10 06:52,2022-10-10 07:36,44,14.18,6,Monday,Autumn
S0100,ST103,2022-11-29 04:06,2022-11-29 05:20,74,22.37,4,Tuesday,Autumn
S0101,ST102,2022-12-17 00:14,2022-12-17 01:17,63,14.06,0,Saturday,Winter
S0102,ST104,2022-12-10 07:26,2022-12-10 08:19,53,15.22,7,Saturday,Winter
S0103,ST104,2022-12-10 08:52,2022-12-10 09:37,45,10.91,8,Saturday,Winter
S0104,ST101,2022-10-21 05:57,2022-10-21 06:59,62,19.32,5,Friday,Autumn
S0105,ST104,2022-09-11 04:47,2022-09-11 05:45,58,13.3,4,Sunday,Monsoon
S0106,ST101,2022-12-27 11:18,2022-12-27 12:36,78,16.11,11,Tuesday,Winter
S0107,ST105,2022-09-01 14:27,2022-09-01 15:55,88,30.13,14,Thursday,Monsoon
S0108,ST104,2022-09-24 12:49,2022-09-24 13:42,53,15.52,12,Saturday,Monsoon
S0109,ST103,2022-12-24 16:45,2022-12-24 17:33,48,8.98,16,Saturday,Winter
S0110,ST102,2022-09-01 10:04,2022-09-01 11:10,66,12.6,10,Thursday,Monsoon
S0111,ST105,2022-12-07 23:01,2022-12-07 23:40,39,7.33,23,Wednesday,Winter
S0112,ST106,2022-11-18 08:34,2022-11-18 09:51,77,24.55,8,Friday,Autumn
S0113,ST103,2022-12-19 08:20,2022-12-19 09:25,65,13.54,8,Monday,Winter
S0114,ST105,2022-10-10 07:58,2022-10-10 08:34,36,7.25,7,Monday,Autumn
S0115,ST106,2022-10-29 22:44,2022-10-29 23:14,30,9.37,22,Saturday,Autumn
S0116,ST106,2022-11-01 04:41,2022-11-01 05:37,56,18.6,4,Tuesday,Autumn
S0117,ST106,2022-09-08 00:01,2022-09-08 01:25,84,17.32,0,Thursday,Monsoon
S0118,ST102,2022-12-15 06:54,2022-12-15 07:59,65,16.26,6,Thursday,Winter
S0119,ST104,2022-11-08 21:07,2022-11-08 21:40,33,8.02,21,Tuesday,Autumn
S0120,ST105,2022-10-16 05:16,2022-10-16 06:20,64,14.59,5,Sunday,Autumn
S0121,ST101,2022-12-28 23:33,2022-12-29 01:01,88,17.38,23,Wednesday,Winter
S0122,ST103,2022-09-02 09:47,2022-09-02 11:06,79,14.92,9,Friday,Monsoon
S0123,ST106,2022-10-07 11:46,2022-10-07 12:56,70,16.47,11,Friday,Autumn
S0124,ST101,2022-12-13 11:28,2022-12-13 12:49,81,14.99,11,Tuesday,Winter
S0125,ST106,2022-10-07 08:39,2022-10-07 09:21,42,11.74,8,Friday,Autumn
S0126,ST102,2022-12-13 19:16,2022-12-13 19:40,24,6.65,19,Tuesday,Winter
S0127,ST105,2022-09-09 04:27,2022-09-09 05:19,52,12.74,4,Friday,Monsoon
S0128,ST106,2022-09-14 18:11,2022-09-14 19:35,84,27.32,18,Wednesday,Monsoon
S0129,ST106,2022-11-15 04:26,2022-11-15 05:51,85,21.92,4,Tuesday,Autumn
S0130,ST106,2022-11-25 03:34,2022-11-25 04:55,81,24.55,3,Friday,Autumn
S0131,ST103,2022-10-09 12:20,2022-10-09 13:10,50,14.1,12,Sunday,Autumn
S0132,ST102,2022-09-27 19:31,2022-09-27 20:31,60,14.41,19,Tuesday,Monsoon
S0133,ST105,2022-09-27 21:07,2022-09-27 21:47,40,7.32,21,Tuesday,Monsoon
S0134,ST106,2022-11-20 17:29,2022-11-20 18:20,51,9.26,17,Sunday,Autumn
S0135,ST104,2022-11-20 18:31,2022-11-20 19:25,54,15.79,18,Sunday,Autumn
S0136,ST103,2022-09-14 08:54,2022-09-14 09:28,34,10.77,8,Wednesday,Monsoon
S0137,ST103,2022-10-01 21:56,2022-10-01 22:29,33,6.26,21,Saturday,Autumn
S0138,ST104,2022-11-22 00:42,2022-11-22 01:56,74,25.7,0,Tuesday,Autumn
S0139,ST105,2022-10-25 23:01,2022-10-25 23:57,56,16.2,23,Tuesday,Autumn
S0140,ST101,2022-10-20 23:04,2022-10-21 00:10,66,13.8,23,Thursday,Autumn
S0141,ST106,2022-09-02 03:15,2022-09-02 04:27,72,16.62,3,Friday,Monsoon
S0142,ST103,2022-09-10 02:12,2022-09-10 03:17,65,20.57,2,Saturday,Monsoon
S0143,ST105,2022-11-18 12:35,2022-11-18 13:26,51,16.53,12,Friday,Autumn
S0144,ST102,2022-12-25 22:04,2022-12-25 22:41,37,12.48,22,Sunday,Winter
S0145,ST101,2022-11-23 17:52,2022-11-23 19:04,72,15.1,17,Wednesday,Autumn
S0146,ST102,2022-10-15 11:15,2022-10-15 11:51,36,6.79,11,Saturday,Autumn
S0147,ST106,2022-09-06 10:49,2022-09-06 11:19,30,7.09,10,Tuesday,Monsoon
S0148,ST101,2022-09-12 03:11,2022-09-12 03:51,40,9.44,3,Monday,Monsoon
S0149,ST103,2022-12-01 16:14,2022-12-01 17:27,73,16.15,16,Thursday,Winter
S0150,ST105,2022-09-14 06:11,2022-09-14 06:31,20,6.28,6,Wednesday,Monsoon
S0151,ST103,2022-11-03 13:08,2022-11-03 13:36,28,9.8,13,Thursday,Autumn
S0152,ST105,2022-12-15 05:34,2022-12-15 06:13,39,8.4,5,Thursday,Winter
S0153,ST102,2022-12-07 04:03,2022-12-07 04:45,42,12.93,4,Wednesday,Winter
S0154,ST106,2022-12-07 00:26,2022-12-07 00:53,27,9.02,0,Wednesday,Winter
S0155,ST102,2022-10-28 18:22,2022-10-28 19:45,83,22.17,18,Friday,Autumn
S0156,ST105,2022-11-06 11:58,2022-11-06 12:56,58,16.76,11,Sunday,Autumn
S0157,ST102,2022-10-05 07:28,2022-10-05 08:14,46,12.06,7,Wednesday,Autumn
S0158,ST102,2022-10-24 16:15,2022-10-24 16:43,28,9.39,16,Monday,Autumn
S0159,ST106,2022-10-04 09:58,2022-10-04 10:55,57,15.64,9,Tuesday,Autumn
S0160,ST106,2022-11-13 01:30,2022-11-13 02:19,49,11.55,1,Sunday,Autumn
S0161,ST102,2022-11-06 11:38,2022-11-06 12:36,58,10.8,11,Sunday,Autumn
S0162,ST104,2022-12-09 16:14,2022-12-09 17:16,62,20.23,16,Friday,Winter
S0163,ST102,2022-12-22 07:13,2022-12-22 08:41,88,24.04,7,Thursday,Winter
S0164,ST103,2022-11-26 13:16,2022-11-26 14:03,47,8.98,13,Saturday,Autumn
S0165,ST105,2022-09-11 16:14,2022-09-11 17:05,51,13.17,16,Sunday,Monsoon
S0166,ST104,2022-10-26 00:14,2022-10-26 01:04,50,15.06,0,Wednesday,Autumn
S0167,ST106,2022-10-18 19:18,2022-10-18 19:56,38,12.33,19,Tuesday,Autumn
S0168,ST103,2022-12-28 20:01,2022-12-28 20:58,57,17.5,20,Wednesday,Winter
S0169,ST101,2022-10-31 03:31,2022-10-31 04:35,64,22.18,3,Monday,Autumn
S0170,ST103,2022-12-18 12:27,2022-12-18 13:21,54,12.53,12,Sunday,Winter
S0171,ST102,2022-12-27 20:15,2022-12-27 21:33,78,16.97,20,Tuesday,Winter
S0172,ST101,2022-10-02 09:18,2022-10-02 10:34,76,16.86,9,Sunday,Autumn
S0173,ST106,2022-12-20 16:20,2022-12-20 16:44,24,7.82,16,Tuesday,Winter
S0174,ST105,2022-12-18 03:37,2022-12-18 04:30,53,11.16,3,Sunday,Winter
S0175,ST102,2022-11-29 21:15,2022-11-29 22:14,59,16.02,21,Tuesday,Autumn
S0176,ST101,2022-09-24 07:16,2022-09-24 08:22,66,14.85,7,Saturday,Monsoon
S0177,ST105,2022-12-22 01:48,2022-12-22 03:06,78,17.47,1,Thursday,Winter
S0178,ST103,2022-09-08 18:01,2022-09-08 19:08,67,15.16,18,Thursday,Monsoon
S0179,ST106,2022-12-19 16:32,2022-12-19 17:59,87,19.24,16,Monday,Winter
S0180,ST103,2022-11-25 17:25,2022-11-25 18:55,90,16.83,17,Friday,Autumn
S0181,ST105,2022-11-27 10:01,2022-11-27 11:24,83,25.13,10,Sunday,Autumn
S0182,ST105,2022-11-17 12:02,2022-11-17 12:47,45,8.18,12,Thursday,Autumn
S0183,ST105,2022-12-10 15:29,2022-12-10 16:42,73,22.24,15,Saturday,Winter
S0184,ST102,2022-09-01 22:28,2022-09-01 23:08,40,10.78,22,Thursday,Monsoon
S0185,ST103,2022-09-23 17:52,2022-09-23 19:22,90,28.07,17,Friday,Monsoon
S0186,ST103,2022-09-22 05:57,2022-09-22 06:37,40,11.72,5,Thursday,Monsoon
S0187,ST102,2022-09-26 19:20,2022-09-26 20:48,88,21.82,19,Monday,Monsoon
S0188,ST102,2022-11-21 00:00,2022-11-21 01:05,65,16.08,0,Monday,Autumn
S0189,ST104,2022-10-21 04:10,2022-10-21 04:45,35,6.6,4,Friday,Autumn
S0190,ST101,2022-09-22 10:57,2022-09-22 11:23,26,5.91,10,Thursday,Monsoon
S0191,ST101,2022-10-22 21:44,2022-10-22 22:40,56,13.74,21,Saturday,Autumn
S0192,ST103,2022-12-07 13:13,2022-12-07 14:39,86,22.27,13,Wednesday,Winter
S0193,ST101,2022-09-07 14:14,2022-09-07 15:10,56,13.08,14,Wednesday,Monsoon
S0194,ST105,2022-10-22 00:26,2022-10-22 01:22,56,15.8,0,Saturday,Autumn
S0195,ST102,2022-10-04 04:43,2022-10-04 05:31,48,13.73,4,Tuesday,Autumn
S0196,ST106,2022-09-05 03:15,2022-09-05 03:57,42,14.1,3,Monday,Monsoon
S0197,ST102,2022-12-20 05:35,2022-12-20 06:17,42,12.88,5,Tuesday,Winter
S0198,ST104,2022-12-22 07:39,2022-12-22 08:51,72,13.98,7,Thursday,Winter
S0199,ST102,2022-10-23 04:57,2022-10-23 05:27,30,5.45,4,Sunday,Autumn
S0200,ST104,2022-10-15 23:43,2022-10-16 00:07,24,7.59,23,Saturday,Autumn
S0201,ST103,2022-10-06 01:20,2022-10-06 01:57,37,12.43,1,Thursday,Autumn
S0202,ST103,2022-09-24 22:53,2022-09-25 00:01,68,13.41,22,Saturday,Monsoon
S0203,ST104,2022-11-18 09:51,2022-11-18 11:05,74,23.92,9,Friday,Autumn
S0204,ST102,2022-12-26 13:28,2022-12-26 14:46,78,19.5,13,Monday,Winter
S0205,ST104,2022-11-30 17:48,2022-11-30 19:16,88,18.59,17,Wednesday,Autumn
S0206,ST103,2022-09-23 15:07,2022-09-23 15:59,52,11.75,15,Friday,Monsoon
S0207,ST103,2022-10-04 02:45,2022-10-04 03:53,68,15.09,2,Tuesday,Autumn
S0208,ST105,2022-12-24 06:05,2022-12-24 07:03,58,20.2,6,Saturday,Winter
S0209,ST103,2022-09-22 05:02,2022-09-22 05:24,22,4.29,5,Thursday,Monsoon
S0210,ST104,2022-09-06 23:01,2022-09-06 23:49,48,10.89,23,Tuesday,Monsoon
S0211,ST103,2022-12-17 04:22,2022-12-17 05:52,90,28.26,4,Saturday,Winter
S0212,ST102,2022-11-03 02:25,2022-11-03 02:45,20,4.23,2,Thursday,Autumn
S0213,ST105,2022-11-08 16:10,2022-11-08 16:37,27,8.75,16,Tuesday,Autumn
S0214,ST104,2022-12-13 18:50,2022-12-13 19:28,38,8.23,18,Tuesday,Winter
S0215,ST106,2022-11-08 02:28,2022-11-08 03:57,89,16.81,2,Tuesday,Autumn
S0216,ST102,2022-09-12 19:28,2022-09-12 20:20,52,15.03,19,Monday,Monsoon
S0217,ST106,2022-10-08 13:09,2022-10-08 14:05,56,19.31,13,Saturday,Autumn
S0218,ST101,2022-12-20 03:06,2022-12-20 03:28,22,4.05,3,Tuesday,Winter
S0219,ST102,2022-11-26 19:38,2022-11-26 20:06,28,8.88,19,Saturday,Autumn
S0220,ST106,2022-10-16 00:03,2022-10-16 00:57,54,12.81,0,Sunday,Autumn
S0221,ST106,2022-10-14 08:07,2022-10-14 08:44,37,11.81,8,Friday,Autumn
S0222,ST106,2022-12-19 02:59,2022-12-19 04:12,73,19.55,2,Monday,Winter
S0223,ST104,2022-09-18 17:09,2022-09-18 18:36,87,19.48,17,Sunday,Monsoon
S0224,ST106,2022-10-08 08:19,2022-10-08 09:49,90,29.57,8,Saturday,Autumn
S0225,ST102,2022-10-10 07:56,2022-10-10 09:11,75,13.91,7,Monday,Autumn
S0226,ST102,2022-11-24 09:53,2022-11-24 10:59,66,15.52,9,Thursday,Autumn
S0227,ST105,2022-12-28 02:49,2022-12-28 04:05,76,13.98,2,Wednesday,Winter
S0228,ST106,2022-12-28 19:01,2022-12-28 19:55,54,16.98,19,Wednesday,Winter
S0229,ST106,2022-11-02 19:45,2022-11-02 21:07,82,24.76,19,Wednesday,Autumn
S0230,ST101,2022-12-19 22:32,2022-12-19 22:54,22,5.82,22,Monday,Winter
S0231,ST102,2022-10-01 05:22,2022-10-01 06:11,49,17.09,5,Saturday,Autumn
S0232,ST106,2022-11-03 13:54,2022-11-03 14:39,45,11.6,13,Thursday,Autumn
S0233,ST103,2022-11-13 18:40,2022-11-13 20:03,83,15.19,18,Sunday,Autumn
S0234,ST106,2022-10-26 00:12,2022-10-26 01:10,58,18.64,0,Wednesday,Autumn
S0235,ST101,2022-12-28 13:41,2022-12-28 14:10,29,8.42,13,Wednesday,Winter
S0236,ST106,2022-11-16 04:48,2022-11-16 05:43,55,11.8,4,Wednesday,Autumn
S0237,ST103,2022-10-01 02:41,2022-10-01 03:05,24,5.85,2,Saturday,Autumn
S0238,ST101,2022-09-30 16:33,2022-09-30 17:34,61,20.99,16,Friday,Monsoon
S0239,ST105,2022-11-05 19:56,2022-11-05 20:57,61,17.84,19,Saturday,Autumn
S0240,ST104,2022-11-19 05:57,2022-11-19 06:38,41,13.25,5,Saturday,Autumn
S0241,ST105,2022-09-17 15:11,2022-09-17 16:31,80,20.74,15,Saturday,Monsoon
S0242,ST101,2022-11-25 20:39,2022-11-25 22:03,84,25.06,20,Friday,Autumn
S0243,ST101,2022-12-29 03:42,2022-12-29 04:14,32,8.92,3,Thursday,Winter
S0244,ST102,2022-12-27 21:13,2022-12-27 22:17,64,11.66,21,Tuesday,Winter
S0245,ST104,2022-11-28 01:00,2022-11-28 01:21,21,6.58,1,Monday,Autumn
S0246,ST106,2022-12-27 21:51,2022-12-27 23:20,89,20.57,21,Tuesday,Winter
S0247,ST104,2022-11-26 09:25,2022-11-26 10:09,44,9.3,9,Saturday,Autumn
S0248,ST106,2022-10-02 07:04,2022-10-02 08:11,67,18.63,7,Sunday,Autumn
S0249,ST105,2022-10-20 02:26,2022-10-20 03:12,46,15.68,2,Thursday,Autumn
S0250,ST106,2022-10-23 23:26,2022-10-24 00:17,51,12.79,23,Sunday,Autumn
S0251,ST102,2022-12-21 06:41,2022-12-21 07:31,50,9.69,6,Wednesday,Winter
S0252,ST101,2022-12-04 10:33,2022-12-04 11:58,85,29.05,10,Sunday,Winter
S0253,ST105,2022-11-11 02:53,2022-11-11 03:13,20,4.67,2,Friday,Autumn
S0254,ST101,2022-09-13 20:41,2022-09-13 21:11,30,8.19,20,Tuesday,Monsoon
S0255,ST104,2022-12-27 12:38,2022-12-27 13:00,22,4.41,12,Tuesday,Winter
S0256,ST106,2022-11-07 17:49,2022-11-07 18:25,36,7.03,17,Monday,Autumn
S0257,ST103,2022-11-28 20:16,2022-11-28 21:18,62,15.03,20,Monday,Autumn
S0258,ST106,2022-10-06 06:21,2022-10-06 07:36,75,21.73,6,Thursday,Autumn
S0259,ST106,2022-12-08 10:09,2022-12-08 11:05,56,15.16,10,Thursday,Winter
S0260,ST101,2022-10-21 19:26,2022-10-21 20:52,86,18.48,19,Friday,Autumn
S0261,ST103,2022-09-21 02:30,2022-09-21 03:08,38,10.53,2,Wednesday,Monsoon
S0262,ST105,2022-12-01 00:55,2022-12-01 01:48,53,10.67,0,Thursday,Winter
S0263,ST103,2022-11-04 20:20,2022-11-04 20:57,37,10.0,20,Friday,Autumn
S0264,ST105,2022-09-07 09:56,2022-09-07 10:52,56,12.54,9,Wednesday,Monsoon
S0265,ST103,2022-09-07 04:52,2022-09-07 06:00,68,18.79,4,Wednesday,Monsoon
S0266,ST102,2022-09-27 19:27,2022-09-27 20:06,39,7.07,19,Tuesday,Monsoon
S0267,ST106,2022-11-30 00:22,2022-11-30 01:21,59,16.24,0,Wednesday,Autumn
S0268,ST101,2022-11-20 12:05,2022-11-20 13:25,80,25.59,12,Sunday,Autumn
S0269,ST105,2022-10-07 00:04,2022-10-07 00:29,25,6.92,0,Friday,Autumn
S0270,ST101,2022-12-28 09:06,2022-12-28 10:36,90,25.64,9,Wednesday,Winter
S0271,ST102,2022-12-11 05:12,2022-12-11 06:13,61,12.3,5,Sunday,Winter
S0272,ST105,2022-10-10 12:02,2022-10-10 12:53,51,14.69,12,Monday,Autumn
S0273,ST105,2022-10-21 03:47,2022-10-21 04:49,62,20.64,3,Friday,Autumn
S0274,ST102,2022-11-21 03:37,2022-11-21 04:21,44,11.94,3,Monday,Autumn
S0275,ST104,2022-12-07 22:44,2022-12-08 00:11,87,27.96,22,Wednesday,Winter
S0276,ST102,2022-12-09 16:11,2022-12-09 16:38,27,7.85,16,Friday,Winter
S0277,ST103,2022-09-20 14:43,2022-09-20 16:11,88,18.92,14,Tuesday,Monsoon
S0278,ST104,2022-12-18 09:28,2022-12-18 10:50,82,28.08,9,Sunday,Winter
S0279,ST106,2022-10-19 07:04,2022-10-19 07:25,21,5.13,7,Wednesday,Autumn
S0280,ST104,2022-10-02 11:10,2022-10-02 12:19,69,19.75,11,Sunday,Autumn
S0281,ST103,2022-09-15 23:01,2022-09-15 23:35,34,7.51,23,Thursday,Monsoon
S0282,ST104,2022-09-22 17:58,2022-09-22 19:01,63,12.15,17,Thursday,Monsoon
S0283,ST105,2022-10-06 19:05,2022-10-06 20:27,82,15.02,19,Thursday,Autumn
S0284,ST104,2022-12-09 19:14,2022-12-09 20:22,68,17.16,19,Friday,Winter
S0285,ST104,2022-09-02 05:27,2022-09-02 05:52,25,6.77,5,Friday,Monsoon
S0286,ST104,2022-09-08 04:39,2022-09-08 05:43,64,16.44,4,Thursday,Monsoon
S0287,ST102,2022-10-09 21:49,2022-10-09 22:49,60,18.26,21,Sunday,Autumn
S0288,ST104,2022-11-16 11:04,2022-11-16 11:41,37,7.16,11,Wednesday,Autumn
S0289,ST102,2022-11-18 16:54,2022-11-18 18:22,88,24.11,16,Friday,Autumn
S0290,ST105,2022-12-26 06:49,2022-12-26 07:23,34,9.7,6,Monday,Winter
S0291,ST102,2022-12-01 17:36,2022-12-01 18:20,44,13.43,17,Thursday,Winter
S0292,ST105,2022-10-03 11:09,2022-10-03 12:20,71,15.6,11,Monday,Autumn
S0293,ST102,2022-09-20 04:48,2022-09-20 05:29,41,14.21,4,Tuesday,Monsoon
S0294,ST101,2022-10-18 05:53,2022-10-18 06:13,20,4.87,5,Tuesday,Autumn
S0295,ST102,2022-09-09 22:35,2022-09-09 23:51,76,20.74,22,Friday,Monsoon
S0296,ST104,2022-09-27 11:55,2022-09-27 13:24,89,27.15,11,Tuesday,Monsoon
S0297,ST101,2022-12-16 21:09,2022-12-16 21:53,44,14.23,21,Friday,Winter
S0298,ST105,2022-10-02 17:43,2022-10-02 18:09,26,6.48,17,Sunday,Autumn
S0299,ST105,2022-09-19 11:01,2022-09-19 12:20,79,23.43,11,Monday,Monsoon
S0300,ST106,2022-10-17 22:46,2022-10-18 00:06,80,14.65,22,Monday,Autumn
S0301,ST102,2022-10-13 05:20,2022-10-13 06:10,50,16.02,5,Thursday,Autumn
S0302,ST104,2022-09-24 13:43,2022-09-24 14:17,34,8.34,13,Saturday,Monsoon
S0303,ST104,2022-09-18 04:42,2022-09-18 05:59,77,18.68,4,Sunday,Monsoon
S0304,ST104,2022-09-30 21:48,2022-09-30 23:00,72,16.1,21,Friday,Monsoon
S0305,ST103,2022-09-11 05:03,2022-09-11 05:27,24,7.2,5,Sunday,Monsoon
S0306,ST104,2022-12-17 14:31,2022-12-17 15:56,85,24.94,14,Saturday,Winter
S0307,ST103,2022-11-05 21:09,2022-11-05 22:29,80,19.87,21,Saturday,Autumn
S0308,ST102,2022-12-13 17:16,2022-12-13 18:13,57,14.17,17,Tuesday,Winter
S0309,ST103,2022-09-04 14:37,2022-09-04 15:37,60,11.92,14,Sunday,Monsoon
S0310,ST104,2022-09-27 11:47,2022-09-27 12:23,36,9.78,11,Tuesday,Monsoon
S0311,ST104,2022-11-02 02:14,2022-11-02 02:40,26,5.14,2,Wednesday,Autumn
S0312,ST106,2022-12-26 08:24,2022-12-26 08:52,28,5.51,8,Monday,Winter
S0313,ST101,2022-09-28 05:55,2022-09-28 06:15,20,3.91,5,Wednesday,Monsoon
S0314,ST102,2022-12-20 08:20,2022-12-20 09:39,79,15.88,8,Tuesday,Winter
S0315,ST103,2022-09-30 23:02,2022-09-30 23:57,55,12.55,23,Friday,Monsoon
S0316,ST101,2022-10-05 09:52,2022-10-05 10:21,29,8.4,9,Wednesday,Autumn
S0317,ST102,2022-10-11 19:26,2022-10-11 20:05,39,8.34,19,Tuesday,Autumn
S0318,ST102,2022-09-30 20:42,2022-09-30 21:28,46,14.28,20,Friday,Monsoon
S0319,ST106,2022-09-03 00:07,2022-09-03 01:27,80,24.71,0,Saturday,Monsoon
S0320,ST103,2022-12-13 22:35,2022-12-13 23:44,69,17.05,22,Tuesday,Winter
S0321,ST104,2022-11-30 10:32,2022-11-30 11:41,69,22.49,10,Wednesday,Autumn
S0322,ST103,2022-12-25 10:22,2022-12-25 11:07,45,10.1,10,Sunday,Winter
S0323,ST105,2022-12-10 06:39,2022-12-10 07:29,50,16.64,6,Saturday,Winter
S0324,ST102,2022-11-22 07:53,2022-11-22 08:46,53,14.16,7,Tuesday,Autumn
S0325,ST105,2022-10-06 14:59,2022-10-06 15:34,35,11.57,14,Thursday,Autumn
S0326,ST106,2022-09-30 01:54,2022-09-30 03:14,80,26.12,1,Friday,Monsoon
S0327,ST102,2022-12-15 07:56,2022-12-15 09:24,88,26.21,7,Thursday,Winter
S0328,ST102,2022-10-01 07:41,2022-10-01 08:03,22,7.02,7,Saturday,Autumn
S0329,ST101,2022-12-06 17:38,2022-12-06 18:20,42,9.01,17,Tuesday,Winter
S0330,ST102,2022-09-27 08:15,2022-09-27 09:40,85,21.6,8,Tuesday,Monsoon
S0331,ST103,2022-09-02 08:59,2022-09-02 09:32,33,8.07,8,Friday,Monsoon
S0332,ST104,2022-10-15 11:22,2022-10-15 12:25,63,14.64,11,Saturday,Autumn
S0333,ST105,2022-10-17 13:35,2022-10-17 14:13,38,9.63,13,Monday,Autumn
S0334,ST102,2022-11-23 19:42,2022-11-23 20:38,56,15.92,19,Wednesday,Autumn
S0335,ST103,2022-10-29 19:41,2022-10-29 21:05,84,16.89,19,Saturday,Autumn
S0336,ST102,2022-12-08 19:47,2022-12-08 20:26,39,11.08,19,Thursday,Winter
S0337,ST103,2022-09-05 11:46,2022-09-05 13:15,89,20.69,11,Monday,Monsoon
S0338,ST103,2022-12-06 22:34,2022-12-06 22:56,22,5.83,22,Tuesday,Winter
S0339,ST104,2022-10-25 00:56,2022-10-25 01:56,60,18.74,0,Tuesday,Autumn
S0340,ST101,2022-09-24 18:05,2022-09-24 19:29,84,28.68,18,Saturday,Monsoon
S0341,ST101,2022-10-16 20:14,2022-10-16 21:07,53,12.79,20,Sunday,Autumn
S0342,ST102,2022-10-07 05:05,2022-10-07 06:35,90,20.14,5,Friday,Autumn
S0343,ST103,2022-12-09 01:08,2022-12-09 02:38,90,29.41,1,Friday,Winter
S0344,ST103,2022-12-27 13:09,2022-12-27 13:48,39,8.83,13,Tuesday,Winter
S0345,ST102,2022-10-05 22:12,2022-10-05 23:01,49,13.9,22,Wednesday,Autumn
S0346,ST101,2022-09-27 16:51,2022-09-27 17:37,46,11.39,16,Tuesday,Monsoon
S0347,ST102,2022-09-14 02:47,2022-09-14 03:45,58,19.15,2,Wednesday,Monsoon
S0348,ST103,2022-09-21 11:39,2022-09-21 12:43,64,12.98,11,Wednesday,Monsoon
S0349,ST104,2022-12-26 15:27,2022-12-26 16:25,58,13.86,15,Monday,Winter
S0350,ST105,2022-12-24 17:02,2022-12-24 17:29,27,5.53,17,Saturday,Winter
S0351,ST105,2022-10-14 05:10,2022-10-14 06:25,75,24.27,5,Friday,Autumn
S0352,ST103,2022-10-16 09:25,2022-10-16 10:23,58,14.02,9,Sunday,Autumn
S0353,ST102,2022-09-11 06:51,2022-09-11 08:09,78,25.83,6,Sunday,Monsoon
S0354,ST103,2022-12-16 23:33,2022-12-17 00:14,41,10.3,23,Friday,Winter
S0355,ST105,2022-10-01 12:08,2022-10-01 13:38,90,22.09,12,Saturday,Autumn
S0356,ST101,2022-10-26 08:09,2022-10-26 09:07,58,14.23,8,Wednesday,Autumn
S0357,ST105,2022-12-03 21:05,2022-12-03 21:45,40,12.96,21,Saturday,Winter
S0358,ST103,2022-11-29 04:44,2022-11-29 05:22,38,11.42,4,Tuesday,Autumn
S0359,ST106,2022-11-23 23:38,2022-11-24 00:00,22,6.67,23,Wednesday,Autumn
S0360,ST105,2022-10-07 20:54,2022-10-07 22:24,90,18.16,20,Friday,Autumn
S0361,ST105,2022-10-13 19:12,2022-10-13 20:15,63,18.92,19,Thursday,Autumn
S0362,ST102,2022-10-16 16:49,2022-10-16 17:42,53,17.75,16,Sunday,Autumn
S0363,ST105,2022-11-19 06:35,2022-11-19 07:41,66,15.04,6,Saturday,Autumn
S0364,ST105,2022-10-28 19:25,2022-10-28 20:22,57,18.61,19,Friday,Autumn
S0365,ST103,2022-10-08 17:53,2022-10-08 19:06,73,20.26,17,Saturday,Autumn
S0366,ST104,2022-11-06 20:51,2022-11-06 21:37,46,12.59,20,Sunday,Autumn
S0367,ST101,2022-12-28 06:34,2022-12-28 07:37,63,19.04,6,Wednesday,Winter
S0368,ST106,2022-09-11 17:25,2022-09-11 18:38,73,23.35,17,Sunday,Monsoon
S0369,ST106,2022-12-23 19:32,2022-12-23 20:19,47,15.12,19,Friday,Winter
S0370,ST102,2022-12-15 13:01,2022-12-15 13:36,35,12.06,13,Thursday,Winter
S0371,ST103,2022-12-03 01:50,2022-12-03 02:10,20,6.52,1,Saturday,Winter
S0372,ST101,2022-09-13 21:44,2022-09-13 23:06,82,17.39,21,Tuesday,Monsoon
S0373,ST102,2022-09-02 11:38,2022-09-02 12:55,77,17.02,11,Friday,Monsoon
S0374,ST104,2022-10-02 04:58,2022-10-02 05:19,21,4.41,4,Sunday,Autumn
S0375,ST104,2022-10-16 22:38,2022-10-16 23:04,26,5.4,22,Sunday,Autumn
S0376,ST102,2022-11-15 21:47,2022-11-15 22:29,42,8.16,21,Tuesday,Autumn
S0377,ST102,2022-09-06 12:17,2022-09-06 13:21,64,21.35,12,Tuesday,Monsoon
S0378,ST101,2022-10-25 23:01,2022-10-26 00:30,89,29.41,23,Tuesday,Autumn
S0379,ST105,2022-12-29 12:51,2022-12-29 14:00,69,18.92,12,Thursday,Winter
S0380,ST105,2022-10-22 07:04,2022-10-22 08:24,80,18.78,7,Saturday,Autumn
S0381,ST106,2022-12-12 13:44,2022-12-12 14:46,62,19.27,13,Monday,Winter
S0382,ST101,2022-11-30 10:14,2022-11-30 11:40,86,19.92,10,Wednesday,Autumn
S0383,ST104,2022-12-23 08:40,2022-12-23 09:54,74,24.78,8,Friday,Winter
S0384,ST101,2022-10-31 06:22,2022-10-31 07:18,56,18.55,6,Monday,Autumn
S0385,ST103,2022-10-24 05:49,2022-10-24 06:41,52,10.64,5,Monday,Autumn
S0386,ST106,2022-12-14 04:13,2022-12-14 05:01,48,13.94,4,Wednesday,Winter
S0387,ST105,2022-12-20 02:45,2022-12-20 03:07,22,4.74,2,Tuesday,Winter
S0388,ST102,2022-12-27 17:40,2022-12-27 19:03,83,21.62,17,Tuesday,Winter
S0389,ST101,2022-09-21 09:53,2022-09-21 11:04,71,17.76,9,Wednesday,Monsoon
S0390,ST104,2022-10-07 13:57,2022-10-07 14:27,30,8.77,13,Friday,Autumn
S0391,ST102,2022-11-19 15:11,2022-11-19 16:39,88,29.99,15,Saturday,Autumn
S0392,ST101,2022-12-16 10:33,2022-12-16 10:56,23,4.97,10,Friday,Winter
S0393,ST101,2022-10-17 07:37,2022-10-17 08:02,25,6.35,7,Monday,Autumn
S0394,ST105,2022-09-10 06:31,2022-09-10 06:56,25,8.05,6,Saturday,Monsoon
S0395,ST101,2022-10-06 14:32,2022-10-06 15:27,55,18.46,14,Thursday,Autumn
S0396,ST106,2022-09-28 04:43,2022-09-28 05:39,56,15.65,4,Wednesday,Monsoon
S0397,ST106,2022-11-10 16:48,2022-11-10 18:06,78,16.16,16,Thursday,Autumn
S0398,ST101,2022-11-14 15:38,2022-11-14 16:41,63,13.68,15,Monday,Autumn
S0399,ST103,2022-10-07 04:19,2022-10-07 04:56,37,11.68,4,Friday,Autumn
S0400,ST105,2022-12-14 09:15,2022-12-14 10:43,88,26.77,9,Wednesday,Winter
S0401,ST103,2022-11-23 10:07,2022-11-23 11:17,70,18.3,10,Wednesday,Autumn
S0402,ST105,2022-10-23 03:45,2022-10-23 04:44,59,13.23,3,Sunday,Autumn
S0403,ST104,2022-10-13 12:37,2022-10-13 13:48,71,22.51,12,Thursday,Autumn
S0404,ST105,2022-12-01 11:25,2022-12-01 12:45,80,18.34,11,Thursday,Winter
S0405,ST106,2022-10-29 05:10,2022-10-29 05:47,37,7.66,5,Saturday,Autumn
S0406,ST104,2022-12-11 12:29,2022-12-11 12:57,28,5.42,12,Sunday,Winter
S0407,ST102,2022-11-01 23:55,2022-11-02 00:15,20,5.41,23,Tuesday,Autumn
S0408,ST101,2022-09-24 09:50,2022-09-24 10:42,52,11.45,9,Saturday,Monsoon
S0409,ST103,2022-10-15 21:27,2022-10-15 22:46,79,18.69,21,Saturday,Autumn
S0410,ST104,2022-10-20 10:10,2022-10-20 10:33,23,6.82,10,Thursday,Autumn
S0411,ST102,2022-11-13 02:58,2022-11-13 04:06,68,23.73,2,Sunday,Autumn
S0412,ST103,2022-11-28 01:32,2022-11-28 02:28,56,17.94,1,Monday,Autumn
S0413,ST104,2022-12-24 03:16,2022-12-24 04:16,60,17.7,3,Saturday,Winter
S0414,ST104,2022-09-16 08:39,2022-09-16 09:02,23,6.02,8,Friday,Monsoon
S0415,ST104,2022-09-22 04:00,2022-09-22 05:11,71,21.3,4,Thursday,Monsoon
S0416,ST101,2022-10-26 00:17,2022-10-26 01:33,76,20.09,0,Wednesday,Autumn
S0417,ST101,2022-12-26 13:15,2022-12-26 14:36,81,23.11,13,Monday,Winter
S0418,ST103,2022-10-08 01:11,2022-10-08 01:31,20,3.71,1,Saturday,Autumn
S0419,ST105,2022-09-19 14:15,2022-09-19 15:34,79,19.58,14,Monday,Monsoon
S0420,ST101,2022-09-02 16:22,2022-09-02 17:25,63,12.89,16,Friday,Monsoon
S0421,ST104,2022-12-14 02:56,2022-12-14 04:06,70,24.28,2,Wednesday,Winter
S0422,ST105,2022-11-21 17:54,2022-11-21 18:17,23,6.28,17,Monday,Autumn
S0423,ST101,2022-10-10 00:07,2022-10-10 00:36,29,9.32,0,Monday,Autumn
S0424,ST103,2022-12-02 17:38,2022-12-02 18:18,40,10.06,17,Friday,Winter
S0425,ST104,2022-12-05 14:45,2022-12-05 15:37,52,17.54,14,Monday,Winter
S0426,ST105,2022-09-01 18:34,2022-09-01 20:01,87,22.65,18,Thursday,Monsoon
S0427,ST105,2022-10-11 05:50,2022-10-11 07:02,72,15.99,5,Tuesday,Autumn
S0428,ST103,2022-09-18 05:26,2022-09-18 06:54,88,26.6,5,Sunday,Monsoon
S0429,ST106,2022-09-16 19:32,2022-09-16 20:10,38,7.37,19,Friday,Monsoon
S0430,ST106,2022-09-02 10:23,2022-09-02 11:03,40,13.07,10,Friday,Monsoon
S0431,ST101,2022-11-14 14:20,2022-11-14 15:04,44,12.75,14,Monday,Autumn
S0432,ST102,2022-10-10 01:53,2022-10-10 03:02,69,16.48,1,Monday,Autumn
S0433,ST106,2022-11-18 12:20,2022-11-18 13:39,79,23.46,12,Friday,Autumn
S0434,ST102,2022-09-21 17:12,2022-09-21 17:47,35,11.74,17,Wednesday,Monsoon
S0435,ST102,2022-12-17 06:36,2022-12-17 07:29,53,15.98,6,Saturday,Winter
S0436,ST101,2022-11-09 03:35,2022-11-09 04:37,62,17.02,3,Wednesday,Autumn
S0437,ST101,2022-10-15 23:21,2022-10-16 00:47,86,28.61,23,Saturday,Autumn
S0438,ST106,2022-12-26 02:04,2022-12-26 03:12,68,21.91,2,Monday,Winter
S0439,ST104,2022-09-22 11:04,2022-09-22 11:43,39,7.04,11,Thursday,Monsoon
S0440,ST106,2022-12-25 20:56,2022-12-25 21:18,22,6.69,20,Sunday,Winter
S0441,ST102,2022-09-28 15:32,2022-09-28 16:23,51,17.14,15,Wednesday,Monsoon
S0442,ST103,2022-12-21 04:17,2022-12-21 04:46,29,5.93,4,Wednesday,Winter
S0443,ST102,2022-09-11 11:44,2022-09-11 13:01,77,26.39,11,Sunday,Monsoon
S0444,ST105,2022-09-28 05:34,2022-09-28 06:54,80,18.7,5,Wednesday,Monsoon
S0445,ST105,2022-11-17 07:38,2022-11-17 08:06,28,9.65,7,Thursday,Autumn
S0446,ST101,2022-11-11 17:14,2022-11-11 18:31,77,24.32,17,Friday,Autumn
S0447,ST104,2022-11-28 04:25,2022-11-28 04:56,31,8.25,4,Monday,Autumn
S0448,ST102,2022-12-20 13:47,2022-12-20 14:37,50,16.64,13,Tuesday,Winter
S0449,ST105,2022-11-30 19:18,2022-11-30 20:08,50,13.29,19,Wednesday,Autumn
S0450,ST103,2022-11-20 11:09,2022-11-20 12:03,54,18.15,11,Sunday,Autumn
S0451,ST103,2022-09-17 14:59,2022-09-17 15:37,38,8.86,14,Saturday,Monsoon
S0452,ST101,2022-10-01 01:21,2022-10-01 02:25,64,21.88,1,Saturday,Autumn
S0453,ST105,2022-10-13 07:45,2022-10-13 08:28,43,8.66,7,Thursday,Autumn
S0454,ST106,2022-10-07 06:50,2022-10-07 07:36,46,9.73,6,Friday,Autumn
S0455,ST101,2022-12-12 10:13,2022-12-12 11:33,80,27.92,10,Monday,Winter
S0456,ST103,2022-11-30 16:41,2022-11-30 17:34,53,17.21,16,Wednesday,Autumn
S0457,ST106,2022-11-20 21:29,2022-11-20 22:32,63,14.81,21,Sunday,Autumn
S0458,ST104,2022-12-24 06:04,2022-12-24 07:00,56,13.6,6,Saturday,Winter
S0459,ST102,2022-11-30 01:42,2022-11-30 02:17,35,7.83,1,Wednesday,Autumn
S0460,ST104,2022-09-09 21:11,2022-09-09 22:36,85,18.3,21,Friday,Monsoon
S0461,ST101,2022-11-24 00:24,2022-11-24 01:30,66,13.87,0,Thursday,Autumn
S0462,ST101,2022-09-22 18:57,2022-09-22 20:00,63,14.62,18,Thursday,Monsoon
S0463,ST103,2022-10-09 15:02,2022-10-09 16:09,67,18.0,15,Sunday,Autumn
S0464,ST101,2022-11-26 10:15,2022-11-26 11:23,68,16.73,10,Saturday,Autumn
S0465,ST104,2022-10-11 20:42,2022-10-11 21:31,49,16.35,20,Tuesday,Autumn
S0466,ST103,2022-11-10 10:43,2022-11-10 11:21,38,6.95,10,Thursday,Autumn
S0467,ST104,2022-09-19 14:52,2022-09-19 15:18,26,7.01,14,Monday,Monsoon
S0468,ST101,2022-10-14 20:02,2022-10-14 20:39,37,6.95,20,Friday,Autumn
S0469,ST106,2022-11-11 22:44,2022-11-11 23:14,30,8.93,22,Friday,Autumn
S0470,ST105,2022-11-19 18:21,2022-11-19 18:45,24,4.95,18,Saturday,Autumn
S0471,ST101,2022-10-25 13:01,2022-10-25 13:30,29,5.41,13,Tuesday,Autumn
S0472,ST102,2022-10-05 19:56,2022-10-05 20:21,25,6.37,19,Wednesday,Autumn
S0473,ST102,2022-09-26 18:22,2022-09-26 19:33,71,13.54,18,Monday,Monsoon
S0474,ST104,2022-09-18 17:28,2022-09-18 18:21,53,17.21,17,Sunday,Monsoon
S0475,ST106,2022-11-02 23:55,2022-11-03 00:23,28,7.11,23,Wednesday,Autumn
S0476,ST104,2022-09-19 06:32,2022-09-19 07:58,86,29.34,6,Monday,Monsoon
S0477,ST104,2022-10-05 09:46,2022-10-05 10:39,53,16.62,9,Wednesday,Autumn
S0478,ST105,2022-12-29 23:34,2022-12-30 01:03,89,20.38,23,Thursday,Winter
S0479,ST103,2022-09-25 11:15,2022-09-25 12:44,89,30.41,11,Sunday,Monsoon
S0480,ST101,2022-10-29 14:59,2022-10-29 15:43,44,9.21,14,Saturday,Autumn
S0481,ST105,2022-09-23 15:28,2022-09-23 16:04,36,11.06,15,Friday,Monsoon
S0482,ST101,2022-10-27 12:14,2022-10-27 12:49,35,9.24,12,Thursday,Autumn
S0483,ST105,2022-11-09 23:38,2022-11-10 00:03,25,7.57,23,Wednesday,Autumn
S0484,ST102,2022-12-05 11:06,2022-12-05 12:15,69,20.27,11,Monday,Winter
S0485,ST102,2022-09-21 18:22,2022-09-21 18:45,23,7.81,18,Wednesday,Monsoon
S0486,ST102,2022-10-20 14:00,2022-10-20 15:23,83,26.33,14,Thursday,Autumn
S0487,ST104,2022-09-26 22:50,2022-09-26 23:38,48,12.56,22,Monday,Monsoon
S0488,ST105,2022-10-01 01:13,2022-10-01 01:53,40,9.88,1,Saturday,Autumn
S0489,ST104,2022-11-18 18:16,2022-11-18 19:26,70,21.09,18,Friday,Autumn
S0490,ST103,2022-12-29 22:47,2022-12-29 23:50,63,21.75,22,Thursday,Winter
S0491,ST104,2022-09-30 06:10,2022-09-30 07:11,61,11.86,6,Friday,Monsoon
S0492,ST101,2022-09-29 04:02,2022-09-29 04:27,25,7.62,4,Thursday,Monsoon
S0493,ST101,2022-09-19 11:38,2022-09-19 12:20,42,11.41,11,Monday,Monsoon
S0494,ST104,2022-09-09 20:05,2022-09-09 21:30,85,24.8,20,Friday,Monsoon
S0495,ST104,2022-10-19 03:42,2022-10-19 04:50,68,19.61,3,Wednesday,Autumn
S0496,ST103,2022-11-25 16:52,2022-11-25 17:35,43,12.79,16,Friday,Autumn
S0497,ST102,2022-12-28 21:17,2022-12-28 22:20,63,19.67,21,Wednesday,Winter
S0498,ST104,2022-11-10 14:19,2022-11-10 15:48,89,25.86,14,Thursday,Autumn
S0499,ST103,2022-09-14 08:04,2022-09-14 08:57,53,11.79,8,Wednesday,Monsoon
S0500,ST102,2022-11-20 06:20,2022-11-20 07:18,58,20.14,6,Sunday,Autumn
S0501,ST105,2022-11-19 08:51,2022-11-19 09:29,38,9.53,8,Saturday,Autumn
S0502,ST101,2022-12-12 05:55,2022-12-12 07:00,65,16.11,5,Monday,Winter
S0503,ST105,2022-09-05 13:02,2022-09-05 13:43,41,10.38,13,Monday,Monsoon
S0504,ST102,2022-12-05 14:17,2022-12-05 14:54,37,9.4,14,Monday,Winter
S0505,ST101,2022-11-17 23:59,2022-11-18 00:51,52,18.05,23,Thursday,Autumn
S0506,ST102,2022-12-26 08:30,2022-12-26 09:48,78,23.39,8,Monday,Winter
S0507,ST102,2022-12-11 15:14,2022-12-11 16:13,59,20.33,15,Sunday,Winter
S0508,ST103,2022-10-26 04:02,2022-10-26 05:06,64,17.39,4,Wednesday,Autumn
S0509,ST102,2022-11-28 13:27,2022-11-28 14:57,90,30.92,13,Monday,Autumn
S0510,ST105,2022-09-17 17:02,2022-09-17 17:47,45,12.91,17,Saturday,Monsoon
S0511,ST101,2022-12-28 16:47,2022-12-28 18:11,84,25.92,16,Wednesday,Winter
S0512,ST106,2022-11-14 11:24,2022-11-14 12:25,61,12.17,11,Monday,Autumn
S0513,ST103,2022-10-29 17:16,2022-10-29 17:53,37,9.36,17,Saturday,Autumn
S0514,ST103,2022-09-26 10:36,2022-09-26 11:47,71,19.82,10,Monday,Monsoon
S0515,ST105,2022-12-08 11:36,2022-12-08 11:59,23,5.96,11,Thursday,Winter
S0516,ST102,2022-12-08 21:58,2022-12-08 23:04,66,18.11,21,Thursday,Winter
S0517,ST101,2022-09-24 19:09,2022-09-24 20:33,84,15.88,19,Saturday,Monsoon
S0518,ST105,2022-10-02 18:07,2022-10-02 18:56,49,13.81,18,Sunday,Autumn
S0519,ST106,2022-11-24 22:29,2022-11-24 23:51,82,21.01,22,Thursday,Autumn
S0520,ST106,2022-10-19 12:04,2022-10-19 13:34,90,28.99,12,Wednesday,Autumn
S0521,ST106,2022-09-02 02:27,2022-09-02 02:50,23,5.52,2,Friday,Monsoon
S0522,ST104,2022-11-07 20:34,2022-11-07 21:27,53,17.24,20,Monday,Autumn
S0523,ST103,2022-12-14 00:05,2022-12-14 00:35,30,5.79,0,Wednesday,Winter
S0524,ST101,2022-09-22 06:43,2022-09-22 07:17,34,8.24,6,Thursday,Monsoon
S0525,ST105,2022-12-10 08:06,2022-12-10 09:18,72,17.69,8,Saturday,Winter
S0526,ST103,2022-09-13 06:09,2022-09-13 06:40,31,8.77,6,Tuesday,Monsoon
S0527,ST106,2022-10-22 18:20,2022-10-22 19:25,65,12.68,18,Saturday,Autumn
S0528,ST104,2022-10-06 11:39,2022-10-06 12:12,33,7.69,11,Thursday,Autumn
S0529,ST105,2022-12-22 15:06,2022-12-22 16:15,69,13.7,15,Thursday,Winter
S0530,ST103,2022-12-22 12:04,2022-12-22 13:23,79,24.78,12,Thursday,Winter
S0531,ST102,2022-09-13 07:17,2022-09-13 08:07,50,17.17,7,Tuesday,Monsoon
S0532,ST102,2022-10-17 07:18,2022-10-17 07:59,41,8.65,7,Monday,Autumn
S0533,ST101,2022-09-19 08:52,2022-09-19 10:17,85,23.63,8,Monday,Monsoon
S0534,ST102,2022-11-29 15:35,2022-11-29 16:28,53,14.58,15,Tuesday,Autumn
S0535,ST102,2022-11-18 07:15,2022-11-18 07:40,25,8.54,7,Friday,Autumn
S0536,ST105,2022-09-15 17:54,2022-09-15 18:38,44,12.06,17,Thursday,Monsoon
S0537,ST103,2022-12-13 23:03,2022-12-13 23:32,29,6.56,23,Tuesday,Winter
S0538,ST101,2022-12-17 19:04,2022-12-17 19:59,55,13.82,19,Saturday,Winter
S0539,ST105,2022-10-24 02:55,2022-10-24 03:19,24,8.11,2,Monday,Autumn
S0540,ST103,2022-09-07 01:29,2022-09-07 02:03,34,6.38,1,Wednesday,Monsoon
S0541,ST103,2022-10-16 21:30,2022-10-16 22:35,65,12.22,21,Sunday,Autumn
S0542,ST105,2022-09-26 16:24,2022-09-26 17:15,51,14.32,16,Monday,Monsoon
S0543,ST104,2022-09-08 22:41,2022-09-08 23:53,72,23.87,22,Thursday,Monsoon
S0544,ST105,2022-12-08 15:11,2022-12-08 16:12,61,14.93,15,Thursday,Winter
S0545,ST106,2022-09-19 17:43,2022-09-19 18:58,75,21.65,17,Monday,Monsoon
S0546,ST106,2022-12-08 20:22,2022-12-08 20:56,34,6.45,20,Thursday,Winter
S0547,ST101,2022-10-01 20:20,2022-10-01 21:00,40,9.59,20,Saturday,Autumn
S0548,ST105,2022-09-06 01:59,2022-09-06 02:45,46,12.9,1,Tuesday,Monsoon
S0549,ST106,2022-12-09 10:28,2022-12-09 11:40,72,19.12,10,Friday,Winter
S0550,ST101,2022-09-13 12:18,2022-09-13 12:42,24,7.17,12,Tuesday,Monsoon
S0551,ST105,2022-09-24 03:15,2022-09-24 04:40,85,18.85,3,Saturday,Monsoon
S0552,ST103,2022-09-20 16:36,2022-09-20 17:08,32,8.81,16,Tuesday,Monsoon
S0553,ST102,2022-12-23 20:27,2022-12-23 21:50,83,22.61,20,Friday,Winter
S0554,ST106,2022-12-20 04:39,2022-12-20 05:27,48,10.91,4,Tuesday,Winter
S0555,ST102,2022-10-26 18:28,2022-10-26 19:46,78,15.19,18,Wednesday,Autumn
S0556,ST106,2022-11-10 14:11,2022-11-10 14:52,41,9.78,14,Thursday,Autumn
S0557,ST103,2022-11-06 04:02,2022-11-06 05:08,66,12.66,4,Sunday,Autumn
S0558,ST101,2022-09-08 16:21,2022-09-08 16:50,29,7.34,16,Thursday,Monsoon
S0559,ST106,2022-09-07 00:19,2022-09-07 00:58,39,7.27,0,Wednesday,Monsoon
S0560,ST102,2022-10-09 09:09,2022-10-09 09:42,33,9.33,9,Sunday,Autumn
S0561,ST101,2022-10-24 22:20,2022-10-24 23:44,84,27.64,22,Monday,Autumn
S0562,ST105,2022-12-01 01:25,2022-12-01 02:04,39,12.42,1,Thursday,Winter
S0563,ST104,2022-11-17 02:08,2022-11-17 03:10,62,14.84,2,Thursday,Autumn
S0564,ST102,2022-09-13 04:06,2022-09-13 04:59,53,9.64,4,Tuesday,Monsoon
S0565,ST101,2022-10-19 00:57,2022-10-19 02:13,76,14.4,0,Wednesday,Autumn
S0566,ST106,2022-10-14 15:49,2022-10-14 16:16,27,7.36,15,Friday,Autumn
S0567,ST103,2022-09-08 19:35,2022-09-08 20:34,59,17.44,19,Thursday,Monsoon
S0568,ST102,2022-10-25 09:06,2022-10-25 09:36,30,8.57,9,Tuesday,Autumn
S0569,ST106,2022-10-17 13:13,2022-10-17 14:33,80,20.51,13,Monday,Autumn
S0570,ST106,2022-10-24 17:03,2022-10-24 17:31,28,5.66,17,Monday,Autumn
S0571,ST101,2022-12-19 20:31,2022-12-19 21:34,63,19.18,20,Monday,Winter
S0572,ST101,2022-10-24 18:18,2022-10-24 19:31,73,19.07,18,Monday,Autumn
S0573,ST103,2022-10-01 04:36,2022-10-01 05:59,83,17.46,4,Saturday,Autumn
S0574,ST106,2022-09-26 23:08,2022-09-26 23:52,44,10.75,23,Monday,Monsoon
S0575,ST105,2022-11-13 07:53,2022-11-13 09:00,67,12.86,7,Sunday,Autumn
S0576,ST101,2022-11-11 14:07,2022-11-11 14:59,52,14.15,14,Friday,Autumn
S0577,ST101,2022-09-29 12:23,2022-09-29 13:18,55,16.66,12,Thursday,Monsoon
S0578,ST106,2022-09-21 07:48,2022-09-21 09:12,84,27.2,7,Wednesday,Monsoon
S0579,ST103,2022-10-26 05:33,2022-10-26 06:37,64,20.03,5,Wednesday,Autumn
S0580,ST102,2022-11-06 20:12,2022-11-06 20:57,45,12.12,20,Sunday,Autumn
S0581,ST106,2022-12-26 16:55,2022-12-26 18:04,69,12.61,16,Monday,Winter
S0582,ST101,2022-12-21 14:39,2022-12-21 15:22,43,14.77,14,Wednesday,Winter
S0583,ST101,2022-11-21 11:42,2022-11-21 13:05,83,16.06,11,Monday,Autumn
S0584,ST101,2022-12-24 05:37,2022-12-24 06:02,25,8.2,5,Saturday,Winter
S0585,ST101,2022-12-28 00:14,2022-12-28 00:40,26,8.48,0,Wednesday,Winter
S0586,ST105,2022-09-23 10:16,2022-09-23 10:40,24,6.37,10,Friday,Monsoon
S0587,ST101,2022-10-30 06:26,2022-10-30 07:30,64,20.73,6,Sunday,Autumn
S0588,ST105,2022-11-02 03:27,2022-11-02 04:17,50,12.76,3,Wednesday,Autumn
S0589,ST104,2022-09-02 08:46,2022-09-02 09:21,35,9.94,8,Friday,Monsoon
S0590,ST106,2022-09-12 23:59,2022-09-13 01:06,67,21.77,23,Monday,Monsoon
S0591,ST103,2022-11-11 15:48,2022-11-11 16:55,67,18.34,15,Friday,Autumn
S0592,ST101,2022-12-12 05:26,2022-12-12 06:35,69,13.24,5,Monday,Winter
S0593,ST105,2022-10-10 23:35,2022-10-11 00:03,28,5.89,23,Monday,Autumn
S0594,ST104,2022-10-26 05:10,2022-10-26 05:53,43,10.68,5,Wednesday,Autumn
S0595,ST101,2022-12-02 19:19,2022-12-02 20:04,45,9.0,19,Friday,Winter
S0596,ST103,2022-09-30 18:02,2022-09-30 18:30,28,5.72,18,Friday,Monsoon
S0597,ST105,2022-11-14 13:45,2022-11-14 15:04,79,26.51,13,Monday,Autumn
S0598,ST105,2022-11-22 05:19,2022-11-22 06:04,45,11.12,5,Tuesday,Autumn
S0599,ST101,2022-12-15 05:11,2022-12-15 05:40,29,5.66,5,Thursday,Winter
S0600,ST102,2022-12-13 17:04,2022-12-13 18:20,76,17.07,17,Tuesday,Winter
S0601,ST101,2022-12-08 13:05,2022-12-08 14:32,87,28.8,13,Thursday,Winter
S0602,ST106,2022-09-22 22:00,2022-09-22 23:07,67,19.65,22,Thursday,Monsoon
S0603,ST103,2022-09-15 09:42,2022-09-15 10:59,77,23.51,9,Thursday,Monsoon
S0604,ST104,2022-09-20 03:34,2022-09-20 04:41,67,13.97,3,Tuesday,Monsoon
S0605,ST101,2022-10-08 03:46,2022-10-08 04:40,54,16.53,3,Saturday,Autumn
S0606,ST104,2022-11-24 20:35,2022-11-24 21:30,55,10.19,20,Thursday,Autumn
S0607,ST105,2022-09-25 01:47,2022-09-25 02:42,55,11.03,1,Sunday,Monsoon
S0608,ST103,2022-10-29 06:50,2022-10-29 08:08,78,26.98,6,Saturday,Autumn
S0609,ST101,2022-10-03 18:46,2022-10-03 19:57,71,17.09,18,Monday,Autumn
S0610,ST102,2022-11-16 22:21,2022-11-16 22:55,34,9.77,22,Wednesday,Autumn
S0611,ST102,2022-12-07 22:11,2022-12-07 23:29,78,25.57,22,Wednesday,Winter
S0612,ST101,2022-11-21 21:37,2022-11-21 22:58,81,17.32,21,Monday,Autumn
S0613,ST101,2022-09-23 05:48,2022-09-23 06:36,48,10.73,5,Friday,Monsoon
S0614,ST106,2022-11-28 16:50,2022-11-28 17:20,30,7.53,16,Monday,Autumn
S0615,ST106,2022-11-15 14:59,2022-11-15 15:30,31,6.78,14,Tuesday,Autumn
S0616,ST101,2022-09-04 21:05,2022-09-04 21:25,20,5.59,21,Sunday,Monsoon
S0617,ST104,2022-10-02 12:32,2022-10-02 13:55,83,27.65,12,Sunday,Autumn
S0618,ST103,2022-09-04 16:42,2022-09-04 17:07,25,7.89,16,Sunday,Monsoon
S0619,ST104,2022-12-11 13:25,2022-12-11 14:02,37,11.84,13,Sunday,Winter
S0620,ST106,2022-10-18 19:19,2022-10-18 20:16,57,16.22,19,Tuesday,Autumn
S0621,ST106,2022-12-15 21:22,2022-12-15 22:10,48,16.09,21,Thursday,Winter
S0622,ST104,2022-12-24 11:18,2022-12-24 11:44,26,6.96,11,Saturday,Winter
S0623,ST104,2022-11-03 23:19,2022-11-04 00:03,44,15.39,23,Thursday,Autumn
S0624,ST103,2022-09-17 17:39,2022-09-17 18:35,56,13.34,17,Saturday,Monsoon
S0625,ST104,2022-12-27 17:31,2022-12-27 18:34,63,19.22,17,Tuesday,Winter
S0626,ST104,2022-12-11 11:50,2022-12-11 12:10,20,6.62,11,Sunday,Winter
S0627,ST105,2022-11-15 12:51,2022-11-15 13:21,30,7.15,12,Tuesday,Autumn
S0628,ST106,2022-11-27 11:29,2022-11-27 12:29,60,15.95,11,Sunday,Autumn
S0629,ST104,2022-10-22 21:22,2022-10-22 22:05,43,12.86,21,Saturday,Autumn
S0630,ST102,2022-09-06 01:40,2022-09-06 02:23,43,11.11,1,Tuesday,Monsoon
S0631,ST104,2022-09-29 21:35,2022-09-29 22:01,26,8.2,21,Thursday,Monsoon
S0632,ST103,2022-12-24 21:28,2022-12-24 22:02,34,8.62,21,Saturday,Winter
S0633,ST102,2022-10-27 08:13,2022-10-27 08:48,35,11.61,8,Thursday,Autumn
S0634,ST102,2022-09-12 20:43,2022-09-12 21:15,32,10.1,20,Monday,Monsoon
S0635,ST101,2022-10-26 15:12,2022-10-26 16:15,63,21.83,15,Wednesday,Autumn
S0636,ST102,2022-10-05 18:41,2022-10-05 19:34,53,12.42,18,Wednesday,Autumn
S0637,ST105,2022-12-07 05:47,2022-12-07 06:32,45,12.84,5,Wednesday,Winter
S0638,ST104,2022-10-27 13:33,2022-10-27 14:49,76,23.84,13,Thursday,Autumn
S0639,ST104,2022-10-01 15:34,2022-10-01 16:57,83,19.13,15,Saturday,Autumn
S0640,ST103,2022-10-14 05:05,2022-10-14 05:47,42,7.81,5,Friday,Autumn
S0641,ST105,2022-12-04 17:13,2022-12-04 18:31,78,18.15,17,Sunday,Winter
S0642,ST103,2022-09-30 11:12,2022-09-30 12:32,80,26.23,11,Friday,Monsoon
S0643,ST103,2022-11-26 06:04,2022-11-26 06:38,34,7.89,6,Saturday,Autumn
S0644,ST103,2022-09-03 09:20,2022-09-03 10:08,48,16.66,9,Saturday,Monsoon
S0645,ST102,2022-09-19 14:41,2022-09-19 15:32,51,17.5,14,Monday,Monsoon
S0646,ST105,2022-10-12 03:12,2022-10-12 03:52,40,11.19,3,Wednesday,Autumn
S0647,ST104,2022-12-22 23:42,2022-12-23 00:40,58,15.29,23,Thursday,Winter
S0648,ST105,2022-09-17 21:47,2022-09-17 22:46,59,11.31,21,Saturday,Monsoon
S0649,ST102,2022-11-03 08:12,2022-11-03 09:40,88,28.25,8,Thursday,Autumn
S0650,ST103,2022-10-21 12:54,2022-10-21 14:15,81,14.82,12,Friday,Autumn
S0651,ST105,2022-10-16 08:48,2022-10-16 10:06,78,20.21,8,Sunday,Autumn
S0652,ST102,2022-12-22 11:46,2022-12-22 12:19,33,10.16,11,Thursday,Winter
S0653,ST105,2022-11-17 02:39,2022-11-17 03:15,36,7.68,2,Thursday,Autumn
S0654,ST106,2022-12-07 08:54,2022-12-07 09:38,44,8.71,8,Wednesday,Winter
S0655,ST106,2022-09-04 05:45,2022-09-04 07:15,90,22.21,5,Sunday,Monsoon
S0656,ST103,2022-09-18 05:40,2022-09-18 06:02,22,3.97,5,Sunday,Monsoon
S0657,ST102,2022-12-10 09:00,2022-12-10 09:58,58,15.08,9,Saturday,Winter
S0658,ST101,2022-11-17 14:22,2022-11-17 15:06,44,14.12,14,Thursday,Autumn
S0659,ST101,2022-11-02 08:01,2022-11-02 08:54,53,11.13,8,Wednesday,Autumn
S0660,ST105,2022-09-29 19:41,2022-09-29 20:32,51,14.54,19,Thursday,Monsoon
S0661,ST101,2022-12-13 09:17,2022-12-13 10:46,89,20.87,9,Tuesday,Winter
S0662,ST106,2022-12-15 21:50,2022-12-15 22:43,53,18.48,21,Thursday,Winter
S0663,ST106,2022-10-25 01:03,2022-10-25 02:01,58,14.46,1,Tuesday,Autumn
S0664,ST106,2022-10-09 06:38,2022-10-09 07:46,68,18.57,6,Sunday,Autumn
S0665,ST105,2022-12-13 01:53,2022-12-13 02:55,62,14.19,1,Tuesday,Winter
S0666,ST106,2022-11-08 07:09,2022-11-08 08:32,83,17.34,7,Tuesday,Autumn
S0667,ST101,2022-10-19 13:24,2022-10-19 14:47,83,25.4,13,Wednesday,Autumn
S0668,ST101,2022-09-12 05:39,2022-09-12 06:25,46,8.31,5,Monday,Monsoon
S0669,ST103,2022-12-20 19:24,2022-12-20 20:05,41,12.9,19,Tuesday,Winter
S0670,ST105,2022-09-26 23:15,2022-09-27 00:08,53,13.09,23,Monday,Monsoon
S0671,ST106,2022-10-18 13:56,2022-10-18 14:37,41,14.28,13,Tuesday,Autumn
S0672,ST103,2022-09-23 02:57,2022-09-23 04:01,64,19.05,2,Friday,Monsoon
S0673,ST106,2022-11-17 00:40,2022-11-17 01:59,79,18.48,0,Thursday,Autumn
S0674,ST101,2022-11-20 00:45,2022-11-20 01:11,26,7.08,0,Sunday,Autumn
S0675,ST103,2022-09-07 14:12,2022-09-07 14:53,41,10.75,14,Wednesday,Monsoon
S0676,ST101,2022-11-28 04:48,2022-11-28 05:26,38,10.31,4,Monday,Autumn
S0677,ST103,2022-09-13 07:48,2022-09-13 08:37,49,14.35,7,Tuesday,Monsoon
S0678,ST101,2022-09-24 03:45,2022-09-24 04:09,24,7.9,3,Saturday,Monsoon
S0679,ST105,2022-12-19 07:17,2022-12-19 08:33,76,25.88,7,Monday,Winter
S0680,ST105,2022-10-01 10:02,2022-10-01 10:49,47,8.85,10,Saturday,Autumn
S0681,ST105,2022-09-02 18:49,2022-09-02 20:12,83,19.28,18,Friday,Monsoon
S0682,ST103,2022-12-18 06:43,2022-12-18 08:12,89,29.66,6,Sunday,Winter
S0683,ST101,2022-12-06 19:18,2022-12-06 20:05,47,16.42,19,Tuesday,Winter
S0684,ST103,2022-11-24 16:41,2022-11-24 17:25,44,11.18,16,Thursday,Autumn
S0685,ST106,2022-09-15 04:27,2022-09-15 05:35,68,23.74,4,Thursday,Monsoon
S0686,ST103,2022-10-18 00:57,2022-10-18 02:15,78,20.83,0,Tuesday,Autumn
S0687,ST106,2022-11-24 21:00,2022-11-24 22:07,67,21.1,21,Thursday,Autumn
S0688,ST106,2022-10-18 08:36,2022-10-18 09:58,82,28.66,8,Tuesday,Autumn
S0689,ST101,2022-12-20 12:29,2022-12-20 13:12,43,13.07,12,Tuesday,Winter
S0690,ST101,2022-11-24 01:03,2022-11-24 02:24,81,27.22,1,Thursday,Autumn
S0691,ST102,2022-12-27 01:51,2022-12-27 03:03,72,13.37,1,Tuesday,Winter
S0692,ST101,2022-09-28 03:51,2022-09-28 04:17,26,6.89,3,Wednesday,Monsoon
S0693,ST101,2022-10-09 07:17,2022-10-09 08:25,68,15.0,7,Sunday,Autumn
S0694,ST105,2022-12-18 12:36,2022-12-18 13:00,24,4.6,12,Sunday,Winter
S0695,ST104,2022-10-01 02:51,2022-10-01 04:20,89,28.43,2,Saturday,Autumn
S0696,ST106,2022-11-10 09:24,2022-11-10 10:02,38,8.94,9,Thursday,Autumn
S0697,ST101,2022-10-10 03:25,2022-10-10 04:04,39,11.35,3,Monday,Autumn
S0698,ST102,2022-10-22 14:43,2022-10-22 15:57,74,21.72,14,Saturday,Autumn
S0699,ST103,2022-09-23 18:43,2022-09-23 19:08,25,5.19,18,Friday,Monsoon
S0700,ST101,2022-10-19 14:41,2022-10-19 15:17,36,9.42,14,Wednesday,Autumn
S0701,ST103,2022-11-06 22:00,2022-11-06 22:41,41,11.66,22,Sunday,Autumn
S0702,ST103,2022-09-09 00:29,2022-09-09 01:50,81,26.05,0,Friday,Monsoon
S0703,ST105,2022-10-07 20:58,2022-10-07 21:54,56,16.47,20,Friday,Autumn
S0704,ST104,2022-10-31 09:19,2022-10-31 10:25,66,20.26,9,Monday,Autumn
S0705,ST106,2022-09-28 00:12,2022-09-28 01:07,55,18.07,0,Wednesday,Monsoon
S0706,ST104,2022-09-27 11:00,2022-09-27 12:04,64,13.02,11,Tuesday,Monsoon
S0707,ST101,2022-12-10 05:17,2022-12-10 06:46,89,29.75,5,Saturday,Winter
S0708,ST103,2022-11-23 19:48,2022-11-23 21:11,83,20.79,19,Wednesday,Autumn
S0709,ST104,2022-10-23 06:38,2022-10-23 08:08,90,18.47,6,Sunday,Autumn
S0710,ST106,2022-11-09 09:06,2022-11-09 09:49,43,9.73,9,Wednesday,Autumn
S0711,ST102,2022-10-23 22:43,2022-10-24 00:05,82,20.48,22,Sunday,Autumn
S0712,ST101,2022-09-14 12:25,2022-09-14 12:48,23,4.74,12,Wednesday,Monsoon
S0713,ST106,2022-10-23 04:56,2022-10-23 06:10,74,21.92,4,Sunday,Autumn
S0714,ST104,2022-12-12 23:23,2022-12-13 00:38,75,24.16,23,Monday,Winter
S0715,ST105,2022-12-11 07:43,2022-12-11 08:54,71,16.54,7,Sunday,Winter
S0716,ST104,2022-10-02 10:59,2022-10-02 12:11,72,19.25,10,Sunday,Autumn
S0717,ST101,2022-11-11 02:51,2022-11-11 03:22,31,7.49,2,Friday,Autumn
S0718,ST106,2022-10-02 10:07,2022-10-02 10:37,30,8.76,10,Sunday,Autumn
S0719,ST103,2022-12-08 20:20,2022-12-08 20:44,24,5.17,20,Thursday,Winter
S0720,ST104,2022-12-27 12:09,2022-12-27 12:37,28,9.12,12,Tuesday,Winter
S0721,ST101,2022-10-30 20:19,2022-10-30 21:36,77,20.64,20,Sunday,Autumn
S0722,ST104,2022-12-27 21:39,2022-12-27 23:02,83,24.26,21,Tuesday,Winter
S0723,ST105,2022-10-10 19:49,2022-10-10 20:46,57,13.64,19,Monday,Autumn
S0724,ST103,2022-12-25 06:12,2022-12-25 07:22,70,14.18,6,Sunday,Winter
S0725,ST102,2022-11-16 23:28,2022-11-16 23:57,29,9.17,23,Wednesday,Autumn
S0726,ST104,2022-12-11 17:14,2022-12-11 17:54,40,13.3,17,Sunday,Winter
S0727,ST101,2022-10-08 14:18,2022-10-08 14:52,34,7.74,14,Saturday,Autumn
S0728,ST104,2022-12-20 08:57,2022-12-20 10:12,75,25.27,8,Tuesday,Winter
S0729,ST102,2022-12-14 05:03,2022-12-14 05:25,22,6.86,5,Wednesday,Winter
S0730,ST101,2022-10-21 08:16,2022-10-21 09:29,73,20.4,8,Friday,Autumn
S0731,ST105,2022-10-30 06:17,2022-10-30 07:16,59,11.11,6,Sunday,Autumn
S0732,ST101,2022-11-28 02:23,2022-11-28 03:44,81,26.78,2,Monday,Autumn
S0733,ST106,2022-09-01 09:27,2022-09-01 10:35,68,14.98,9,Thursday,Monsoon
S0734,ST106,2022-09-22 00:56,2022-09-22 01:50,54,9.74,0,Thursday,Monsoon
S0735,ST103,2022-11-16 09:15,2022-11-16 09:37,22,6.9,9,Wednesday,Autumn
S0736,ST102,2022-10-07 19:14,2022-10-07 19:58,44,12.98,19,Friday,Autumn
S0737,ST104,2022-09-17 06:31,2022-09-17 07:58,87,29.95,6,Saturday,Monsoon
S0738,ST106,2022-12-09 17:30,2022-12-09 17:53,23,5.04,17,Friday,Winter
S0739,ST103,2022-12-26 04:34,2022-12-26 05:43,69,13.61,4,Monday,Winter
S0740,ST102,2022-12-24 09:50,2022-12-24 10:40,50,12.51,9,Saturday,Winter
S0741,ST106,2022-12-22 16:28,2022-12-22 17:39,71,18.25,16,Thursday,Winter
S0742,ST106,2022-12-20 23:05,2022-12-21 00:28,83,21.49,23,Tuesday,Winter
S0743,ST103,2022-10-23 00:56,2022-10-23 01:36,40,8.59,0,Sunday,Autumn
S0744,ST106,2022-09-02 18:59,2022-09-02 20:17,78,24.88,18,Friday,Monsoon
S0745,ST105,2022-09-18 02:33,2022-09-18 03:06,33,8.32,2,Sunday,Monsoon
S0746,ST104,2022-12-29 22:23,2022-12-29 23:15,52,14.73,22,Thursday,Winter
S0747,ST106,2022-09-29 06:50,2022-09-29 08:06,76,25.91,6,Thursday,Monsoon
S0748,ST105,2022-11-27 16:57,2022-11-27 17:58,61,12.88,16,Sunday,Autumn
S0749,ST101,2022-11-28 00:32,2022-11-28 01:11,39,8.19,0,Monday,Autumn
S0750,ST106,2022-10-18 16:17,2022-10-18 17:45,88,23.71,16,Tuesday,Autumn
S0751,ST105,2022-12-16 00:28,2022-12-16 00:48,20,6.79,0,Friday,Winter
S0752,ST102,2022-10-27 12:08,2022-10-27 13:37,89,24.97,12,Thursday,Autumn
S0753,ST103,2022-10-21 11:25,2022-10-21 12:48,83,21.59,11,Friday,Autumn
S0754,ST104,2022-12-19 21:29,2022-12-19 22:25,56,12.37,21,Monday,Winter
S0755,ST103,2022-12-28 19:38,2022-12-28 20:22,44,15.39,19,Wednesday,Winter
S0756,ST102,2022-12-29 13:19,2022-12-29 14:44,85,16.73,13,Thursday,Winter
S0757,ST105,2022-12-01 09:59,2022-12-01 10:28,29,9.24,9,Thursday,Winter
S0758,ST106,2022-12-03 21:10,2022-12-03 22:23,73,18.46,21,Saturday,Winter
S0759,ST104,2022-10-13 22:59,2022-10-13 23:52,53,16.56,22,Thursday,Autumn
S0760,ST103,2022-12-03 03:29,2022-12-03 04:25,56,18.9,3,Saturday,Winter
S0761,ST102,2022-11-13 12:30,2022-11-13 13:42,72,24.05,12,Sunday,Autumn
S0762,ST102,2022-12-13 04:11,2022-12-13 04:38,27,4.95,4,Tuesday,Winter
S0763,ST105,2022-09-09 02:56,2022-09-09 03:38,42,12.47,2,Friday,Monsoon
S0764,ST104,2022-12-10 05:46,2022-12-10 06:21,35,12.05,5,Saturday,Winter
S0765,ST105,2022-09-06 15:17,2022-09-06 15:58,41,8.33,15,Tuesday,Monsoon
S0766,ST103,2022-09-12 10:42,2022-09-12 11:03,21,5.82,10,Monday,Monsoon
S0767,ST105,2022-09-19 20:30,2022-09-19 21:01,31,9.34,20,Monday,Monsoon
S0768,ST101,2022-09-28 19:05,2022-09-28 20:20,75,17.64,19,Wednesday,Monsoon
S0769,ST106,2022-09-12 04:51,2022-09-12 05:21,30,6.99,4,Monday,Monsoon
S0770,ST105,2022-10-23 06:20,2022-10-23 06:58,38,9.02,6,Sunday,Autumn
S0771,ST101,2022-10-21 12:09,2022-10-21 13:38,89,17.74,12,Friday,Autumn
S0772,ST105,2022-10-11 08:49,2022-10-11 09:20,31,7.2,8,Tuesday,Autumn
S0773,ST106,2022-10-21 05:59,2022-10-21 07:29,90,24.07,5,Friday,Autumn
S0774,ST102,2022-09-18 17:26,2022-09-18 17:56,30,9.72,17,Sunday,Monsoon
S0775,ST103,2022-11-15 03:51,2022-11-15 04:39,48,9.2,3,Tuesday,Autumn
S0776,ST106,2022-12-06 10:10,2022-12-06 10:49,39,10.78,10,Tuesday,Winter
S0777,ST104,2022-09-08 07:42,2022-09-08 08:18,36,7.54,7,Thursday,Monsoon
S0778,ST103,2022-10-28 21:05,2022-10-28 21:26,21,6.36,21,Friday,Autumn
S0779,ST104,2022-12-24 03:43,2022-12-24 04:51,68,18.26,3,Saturday,Winter
S0780,ST102,2022-10-07 06:36,2022-10-07 07:47,71,24.13,6,Friday,Autumn
S0781,ST103,2022-10-01 19:07,2022-10-01 19:28,21,5.69,19,Saturday,Autumn
S0782,ST105,2022-11-28 22:38,2022-11-28 23:12,34,8.95,22,Monday,Autumn
S0783,ST106,2022-12-29 03:38,2022-12-29 04:24,46,13.74,3,Thursday,Winter
S0784,ST105,2022-12-13 08:01,2022-12-13 08:22,21,5.92,8,Tuesday,Winter
S0785,ST103,2022-10-17 17:08,2022-10-17 17:49,41,10.24,17,Monday,Autumn
S0786,ST106,2022-10-21 18:37,2022-10-21 20:05,88,27.09,18,Friday,Autumn
S0787,ST101,2022-10-24 07:02,2022-10-24 07:48,46,9.14,7,Monday,Autumn
S0788,ST102,2022-10-12 03:06,2022-10-12 04:08,62,14.52,3,Wednesday,Autumn
S0789,ST103,2022-11-16 13:15,2022-11-16 13:35,20,6.06,13,Wednesday,Autumn
S0790,ST105,2022-12-27 17:52,2022-12-27 18:25,33,8.2,17,Tuesday,Winter
S0791,ST101,2022-10-29 15:25,2022-10-29 16:21,56,15.18,15,Saturday,Autumn
S0792,ST101,2022-09-18 06:28,2022-09-18 07:15,47,8.48,6,Sunday,Monsoon
S0793,ST101,2022-09-12 22:58,2022-09-12 23:51,53,14.41,22,Monday,Monsoon
S0794,ST103,2022-11-26 20:48,2022-11-26 21:51,63,18.41,20,Saturday,Autumn
S0795,ST103,2022-12-08 04:20,2022-12-08 05:15,55,12.11,4,Thursday,Winter
S0796,ST101,2022-11-03 03:12,2022-11-03 03:52,40,11.52,3,Thursday,Autumn
S0797,ST106,2022-09-25 21:08,2022-09-25 22:33,85,28.34,21,Sunday,Monsoon
S0798,ST101,2022-10-31 10:27,2022-10-31 11:11,44,14.19,10,Monday,Autumn
S0799,ST104,2022-09-10 04:25,2022-09-10 05:07,42,10.91,4,Saturday,Monsoon
S0800,ST102,2022-11-07 14:24,2022-11-07 15:34,70,20.58,14,Monday,Autumn
S0801,ST106,2022-11-30 15:37,2022-11-30 15:57,20,5.92,15,Wednesday,Autumn
S0802,ST104,2022-12-25 06:21,2022-12-25 07:20,59,10.93,6,Sunday,Winter
S0803,ST103,2022-10-15 01:43,2022-10-15 03:13,90,20.24,1,Saturday,Autumn
S0804,ST103,2022-09-20 08:55,2022-09-20 10:25,90,24.22,8,Tuesday,Monsoon
S0805,ST104,2022-10-08 10:25,2022-10-08 10:54,29,9.3,10,Saturday,Autumn
S0806,ST104,2022-10-21 19:15,2022-10-21 20:35,80,22.27,19,Friday,Autumn
S0807,ST106,2022-11-03 16:08,2022-11-03 16:34,26,6.1,16,Thursday,Autumn
S0808,ST104,2022-09-24 09:10,2022-09-24 10:08,58,17.32,9,Saturday,Monsoon
S0809,ST104,2022-09-24 18:09,2022-09-24 19:23,74,16.45,18,Saturday,Monsoon
S0810,ST105,2022-10-03 07:52,2022-10-03 08:53,61,20.57,7,Monday,Autumn
S0811,ST102,2022-12-27 09:56,2022-12-27 11:00,64,20.58,9,Tuesday,Winter
S0812,ST105,2022-12-09 09:44,2022-12-09 11:06,82,24.26,9,Friday,Winter
S0813,ST105,2022-10-23 21:27,2022-10-23 21:55,28,8.84,21,Sunday,Autumn
S0814,ST104,2022-12-12 22:43,2022-12-12 23:58,75,13.99,22,Monday,Winter
S0815,ST102,2022-12-19 06:23,2022-12-19 06:58,35,7.49,6,Monday,Winter
S0816,ST104,2022-09-14 22:34,2022-09-14 23:36,62,11.51,22,Wednesday,Monsoon
S0817,ST104,2022-10-23 18:16,2022-10-23 19:06,50,14.01,18,Sunday,Autumn
S0818,ST104,2022-09-11 22:02,2022-09-11 22:47,45,10.21,22,Sunday,Monsoon
S0819,ST104,2022-12-24 19:37,2022-12-24 20:16,39,10.56,19,Saturday,Winter
S0820,ST101,2022-11-21 21:00,2022-11-21 21:27,27,5.07,21,Monday,Autumn
S0821,ST101,2022-12-20 11:24,2022-12-20 12:27,63,16.55,11,Tuesday,Winter
S0822,ST102,2022-11-30 10:29,2022-11-30 10:52,23,7.56,10,Wednesday,Autumn
S0823,ST104,2022-10-18 03:31,2022-10-18 04:16,45,9.41,3,Tuesday,Autumn
S0824,ST105,2022-12-21 22:17,2022-12-21 23:17,60,19.2,22,Wednesday,Winter
S0825,ST102,2022-10-16 21:11,2022-10-16 22:20,69,14.28,21,Sunday,Autumn
S0826,ST104,2022-11-12 14:06,2022-11-12 15:10,64,14.94,14,Saturday,Autumn
S0827,ST106,2022-12-26 22:49,2022-12-27 00:03,74,20.59,22,Monday,Winter
S0828,ST105,2022-11-02 17:45,2022-11-02 19:05,80,19.84,17,Wednesday,Autumn
S0829,ST103,2022-09-16 08:25,2022-09-16 08:48,23,7.15,8,Friday,Monsoon
S0830,ST106,2022-09-02 00:35,2022-09-02 00:55,20,3.82,0,Friday,Monsoon
S0831,ST105,2022-10-04 07:35,2022-10-04 08:53,78,24.34,7,Tuesday,Autumn
S0832,ST105,2022-10-10 18:15,2022-10-10 18:42,27,6.51,18,Monday,Autumn
S0833,ST106,2022-10-02 11:06,2022-10-02 11:48,42,7.65,11,Sunday,Autumn
S0834,ST104,2022-09-27 01:41,2022-09-27 02:21,40,10.49,1,Tuesday,Monsoon
S0835,ST106,2022-12-19 02:46,2022-12-19 03:30,44,13.32,2,Monday,Winter
S0836,ST103,2022-11-16 00:31,2022-11-16 00:59,28,9.43,0,Wednesday,Autumn
S0837,ST101,2022-11-22 09:44,2022-11-22 10:06,22,6.32,9,Tuesday,Autumn
S0838,ST103,2022-11-05 17:43,2022-11-05 18:08,25,7.64,17,Saturday,Autumn
S0839,ST106,2022-11-02 13:19,2022-11-02 14:28,69,17.67,13,Wednesday,Autumn
S0840,ST104,2022-09-05 17:51,2022-09-05 19:12,81,19.68,17,Monday,Monsoon
S0841,ST102,2022-12-27 03:15,2022-12-27 03:55,40,8.43,3,Tuesday,Winter
S0842,ST105,2022-09-26 01:35,2022-09-26 02:23,48,13.5,1,Monday,Monsoon
S0843,ST104,2022-12-25 14:18,2022-12-25 15:40,82,18.6,14,Sunday,Winter
S0844,ST103,2022-10-25 16:15,2022-10-25 17:30,75,13.53,16,Tuesday,Autumn
S0845,ST105,2022-09-28 08:19,2022-09-28 09:22,63,21.67,8,Wednesday,Monsoon
S0846,ST101,2022-12-20 06:56,2022-12-20 08:22,86,24.17,6,Tuesday,Winter
S0847,ST106,2022-11-12 22:37,2022-11-12 23:01,24,7.85,22,Saturday,Autumn
S0848,ST106,2022-10-07 05:54,2022-10-07 06:39,45,12.71,5,Friday,Autumn
S0849,ST104,2022-11-23 07:25,2022-11-23 08:52,87,28.52,7,Wednesday,Autumn
S0850,ST106,2022-12-24 09:18,2022-12-24 10:16,58,15.22,9,Saturday,Winter
S0851,ST106,2022-12-21 14:49,2022-12-21 16:12,83,16.45,14,Wednesday,Winter
S0852,ST101,2022-10-19 17:58,2022-10-19 18:48,50,9.79,17,Wednesday,Autumn
S0853,ST104,2022-10-02 10:56,2022-10-02 11:21,25,7.92,10,Sunday,Autumn
S0854,ST105,2022-12-15 22:19,2022-12-15 22:39,20,4.18,22,Thursday,Winter
S0855,ST102,2022-12-03 10:49,2022-12-03 11:49,60,11.42,10,Saturday,Winter
S0856,ST102,2022-09-10 07:10,2022-09-10 07:51,41,7.64,7,Saturday,Monsoon
S0857,ST101,2022-09-08 20:34,2022-09-08 21:40,66,22.83,20,Thursday,Monsoon
S0858,ST102,2022-09-05 08:02,2022-09-05 09:12,70,18.13,8,Monday,Monsoon
S0859,ST101,2022-12-10 10:07,2022-12-10 11:26,79,19.93,10,Saturday,Winter
S0860,ST105,2022-11-20 13:54,2022-11-20 14:18,24,5.2,13,Sunday,Autumn
S0861,ST104,2022-12-01 17:11,2022-12-01 18:10,59,14.62,17,Thursday,Winter
S0862,ST103,2022-12-03 03:19,2022-12-03 03:43,24,7.45,3,Saturday,Winter
S0863,ST101,2022-10-23 08:10,2022-10-23 09:33,83,26.05,8,Sunday,Autumn
S0864,ST105,2022-12-19 17:41,2022-12-19 18:23,42,14.34,17,Monday,Winter
S0865,ST102,2022-11-07 10:21,2022-11-07 11:03,42,12.45,10,Monday,Autumn
S0866,ST102,2022-12-28 05:16,2022-12-28 05:56,40,9.37,5,Wednesday,Winter
S0867,ST104,2022-10-05 13:04,2022-10-05 13:55,51,16.91,13,Wednesday,Autumn
S0868,ST105,2022-12-20 10:51,2022-12-20 11:20,29,8.67,10,Tuesday,Winter
S0869,ST104,2022-09-17 03:05,2022-09-17 03:25,20,5.33,3,Saturday,Monsoon
S0870,ST104,2022-10-28 19:53,2022-10-28 21:00,67,12.7,19,Friday,Autumn
S0871,ST104,2022-11-10 18:15,2022-11-10 19:39,84,24.46,18,Thursday,Autumn
S0872,ST106,2022-11-06 18:33,2022-11-06 19:46,73,17.46,18,Sunday,Autumn
S0873,ST105,2022-10-15 21:56,2022-10-15 22:18,22,6.44,21,Saturday,Autumn
S0874,ST103,2022-09-29 21:22,2022-09-29 21:48,26,4.88,21,Thursday,Monsoon
S0875,ST106,2022-10-20 11:50,2022-10-20 12:56,66,14.79,11,Thursday,Autumn
S0876,ST104,2022-11-13 15:57,2022-11-13 16:19,22,5.33,15,Sunday,Autumn
S0877,ST106,2022-12-18 01:46,2022-12-18 02:09,23,4.86,1,Sunday,Winter
S0878,ST103,2022-11-29 20:03,2022-11-29 20:30,27,6.22,20,Tuesday,Autumn
S0879,ST101,2022-11-02 22:41,2022-11-02 23:17,36,7.86,22,Wednesday,Autumn
S0880,ST105,2022-09-05 07:40,2022-09-05 08:39,59,15.02,7,Monday,Monsoon
S0881,ST101,2022-11-01 23:45,2022-11-02 00:35,50,9.41,23,Tuesday,Autumn
S0882,ST103,2022-12-01 07:44,2022-12-01 09:10,86,26.26,7,Thursday,Winter
S0883,ST101,2022-11-05 17:27,2022-11-05 18:52,85,16.62,17,Saturday,Autumn
S0884,ST103,2022-11-18 19:46,2022-11-18 20:07,21,5.37,19,Friday,Autumn
S0885,ST105,2022-10-19 19:11,2022-10-19 19:57,46,13.74,19,Wednesday,Autumn
S0886,ST106,2022-10-02 11:25,2022-10-02 12:37,72,17.99,11,Sunday,Autumn
S0887,ST101,2022-11-19 22:45,2022-11-19 23:26,41,13.27,22,Saturday,Autumn
S0888,ST103,2022-11-10 17:54,2022-11-10 18:32,38,11.98,17,Thursday,Autumn
S0889,ST103,2022-09-28 00:07,2022-09-28 01:35,88,27.74,0,Wednesday,Monsoon
S0890,ST103,2022-10-15 08:11,2022-10-15 08:37,26,8.01,8,Saturday,Autumn
S0891,ST102,2022-11-28 05:57,2022-11-28 06:58,61,11.73,5,Monday,Autumn
S0892,ST101,2022-09-09 07:18,2022-09-09 08:44,86,28.52,7,Friday,Monsoon
S0893,ST106,2022-09-19 01:52,2022-09-19 02:27,35,8.1,1,Monday,Monsoon
S0894,ST105,2022-11-14 06:47,2022-11-14 08:00,73,23.76,6,Monday,Autumn
S0895,ST102,2022-12-18 21:28,2022-12-18 22:08,40,13.19,21,Sunday,Winter
S0896,ST104,2022-09-12 19:35,2022-09-12 20:01,26,6.78,19,Monday,Monsoon
S0897,ST103,2022-10-15 10:17,2022-10-15 11:07,50,14.18,10,Saturday,Autumn
S0898,ST103,2022-12-03 19:49,2022-12-03 20:58,69,14.9,19,Saturday,Winter
S0899,ST105,2022-12-10 09:44,2022-12-10 10:39,55,17.35,9,Saturday,Winter
S0900,ST105,2022-09-13 11:31,2022-09-13 12:36,65,19.58,11,Tuesday,Monsoon
S0901,ST104,2022-09-23 06:40,2022-09-23 07:16,36,9.22,6,Friday,Monsoon
S0902,ST106,2022-11-14 20:27,2022-11-14 21:37,70,13.6,20,Monday,Autumn
S0903,ST103,2022-09-18 18:59,2022-09-18 20:18,79,20.13,18,Sunday,Monsoon
S0904,ST101,2022-09-05 15:17,2022-09-05 16:37,80,22.42,15,Monday,Monsoon
S0905,ST103,2022-12-14 09:33,2022-12-14 10:22,49,17.06,9,Wednesday,Winter
S0906,ST101,2022-09-30 04:54,2022-09-30 05:43,49,14.12,4,Friday,Monsoon
S0907,ST103,2022-10-26 05:04,2022-10-26 05:47,43,13.42,5,Wednesday,Autumn
S0908,ST105,2022-11-03 04:15,2022-11-03 04:41,26,7.19,4,Thursday,Autumn
S0909,ST102,2022-12-21 13:40,2022-12-21 14:46,66,15.94,13,Wednesday,Winter
S0910,ST105,2022-12-11 21:36,2022-12-11 22:41,65,21.15,21,Sunday,Winter
S0911,ST102,2022-11-22 01:46,2022-11-22 03:07,81,14.8,1,Tuesday,Autumn
S0912,ST105,2022-09-10 09:39,2022-09-10 10:27,48,15.97,9,Saturday,Monsoon
S0913,ST103,2022-10-25 08:19,2022-10-25 09:24,65,20.88,8,Tuesday,Autumn
S0914,ST101,2022-09-24 05:58,2022-09-24 07:10,72,21.87,5,Saturday,Monsoon
S0915,ST106,2022-10-14 01:25,2022-10-14 02:16,51,11.62,1,Friday,Autumn
S0916,ST105,2022-10-26 12:18,2022-10-26 13:32,74,23.71,12,Wednesday,Autumn
S0917,ST105,2022-09-09 11:23,2022-09-09 12:24,61,14.94,11,Friday,Monsoon
S0918,ST105,2022-09-19 21:41,2022-09-19 22:23,42,9.58,21,Monday,Monsoon
S0919,ST106,2022-10-14 18:02,2022-10-14 18:28,26,8.55,18,Friday,Autumn
S0920,ST102,2022-10-13 20:38,2022-10-13 20:59,21,3.94,20,Thursday,Autumn
S0921,ST106,2022-10-06 11:39,2022-10-06 13:03,84,29.24,11,Thursday,Autumn
S0922,ST102,2022-12-15 21:25,2022-12-15 22:02,37,9.39,21,Thursday,Winter
S0923,ST101,2022-09-05 08:34,2022-09-05 09:40,66,17.22,8,Monday,Monsoon
S0924,ST104,2022-09-02 05:42,2022-09-02 06:04,22,4.78,5,Friday,Monsoon
S0925,ST106,2022-11-01 17:40,2022-11-01 19:03,83,16.32,17,Tuesday,Autumn
S0926,ST102,2022-10-17 00:25,2022-10-17 01:20,55,18.57,0,Monday,Autumn
S0927,ST104,2022-12-06 12:07,2022-12-06 13:07,60,19.14,12,Tuesday,Winter
S0928,ST102,2022-11-10 08:43,2022-11-10 09:19,36,10.9,8,Thursday,Autumn
S0929,ST106,2022-12-08 18:22,2022-12-08 18:50,28,6.93,18,Thursday,Winter
S0930,ST102,2022-09-13 15:55,2022-09-13 16:47,52,12.57,15,Tuesday,Monsoon
S0931,ST101,2022-12-09 21:49,2022-12-09 23:13,84,16.58,21,Friday,Winter
S0932,ST106,2022-10-07 19:34,2022-10-07 20:29,55,18.61,19,Friday,Autumn
S0933,ST101,2022-10-18 13:13,2022-10-18 14:27,74,23.98,13,Tuesday,Autumn
S0934,ST106,2022-10-21 01:33,2022-10-21 02:24,51,12.22,1,Friday,Autumn
S0935,ST104,2022-12-14 01:36,2022-12-14 02:44,68,22.95,1,Wednesday,Winter
S0936,ST101,2022-11-29 21:52,2022-11-29 22:56,64,18.37,21,Tuesday,Autumn
S0937,ST102,2022-12-22 08:49,2022-12-22 09:14,25,7.13,8,Thursday,Winter
S0938,ST101,2022-09-20 12:01,2022-09-20 12:48,47,13.46,12,Tuesday,Monsoon
S0939,ST101,2022-11-21 07:56,2022-11-21 08:36,40,8.65,7,Monday,Autumn
S0940,ST101,2022-11-15 22:35,2022-11-15 23:42,67,14.29,22,Tuesday,Autumn
S0941,ST106,2022-12-12 12:26,2022-12-12 12:51,25,8.42,12,Monday,Winter
S0942,ST106,2022-11-16 13:11,2022-11-16 14:19,68,12.39,13,Wednesday,Autumn
S0943,ST102,2022-11-09 14:21,2022-11-09 14:56,35,6.84,14,Wednesday,Autumn
S0944,ST104,2022-10-16 09:07,2022-10-16 10:06,59,12.0,9,Sunday,Autumn
S0945,ST101,2022-11-10 12:50,2022-11-10 13:36,46,15.73,12,Thursday,Autumn
S0946,ST105,2022-11-17 13:18,2022-11-17 13:52,34,11.35,13,Thursday,Autumn
S0947,ST106,2022-12-11 22:07,2022-12-11 22:31,24,4.34,22,Sunday,Winter
S0948,ST104,2022-10-24 22:12,2022-10-24 23:35,83,22.18,22,Monday,Autumn
S0949,ST101,2022-10-18 21:03,2022-10-18 22:05,62,14.92,21,Tuesday,Autumn
S0950,ST102,2022-12-09 16:09,2022-12-09 17:18,69,18.97,16,Friday,Winter
S0951,ST105,2022-11-24 22:46,2022-11-24 23:59,73,19.9,22,Thursday,Autumn
S0952,ST106,2022-12-01 07:29,2022-12-01 08:37,68,21.47,7,Thursday,Winter
S0953,ST105,2022-10-01 03:53,2022-10-01 04:58,65,22.17,3,Saturday,Autumn
S0954,ST103,2022-09-07 13:21,2022-09-07 14:29,68,17.58,13,Wednesday,Monsoon
S0955,ST101,2022-09-24 08:31,2022-09-24 09:56,85,28.77,8,Saturday,Monsoon
S0956,ST102,2022-09-15 04:18,2022-09-15 05:39,81,16.55,4,Thursday,Monsoon
S0957,ST103,2022-09-20 11:16,2022-09-20 12:06,50,10.0,11,Tuesday,Monsoon
S0958,ST105,2022-11-05 13:56,2022-11-05 14:59,63,12.12,13,Saturday,Autumn
S0959,ST102,2022-09-04 09:04,2022-09-04 10:29,85,27.01,9,Sunday,Monsoon
S0960,ST102,2022-11-12 08:41,2022-11-12 09:29,48,9.05,8,Saturday,Autumn
S0961,ST102,2022-11-04 18:56,2022-11-04 19:51,55,14.04,18,Friday,Autumn
S0962,ST105,2022-11-01 08:40,2022-11-01 09:15,35,11.94,8,Tuesday,Autumn
S0963,ST104,2022-09-11 17:51,2022-09-11 19:17,86,25.07,17,Sunday,Monsoon
S0964,ST105,2022-12-08 21:53,2022-12-08 22:38,45,10.16,21,Thursday,Winter
S0965,ST102,2022-10-08 08:43,2022-10-08 09:53,70,16.61,8,Saturday,Autumn
S0966,ST101,2022-10-31 21:56,2022-10-31 22:36,40,8.12,21,Monday,Autumn
S0967,ST106,2022-09-02 02:31,2022-09-02 03:20,49,11.93,2,Friday,Monsoon
S0968,ST106,2022-11-14 01:32,2022-11-14 02:49,77,17.34,1,Monday,Autumn
S0969,ST102,2022-09-11 00:30,2022-09-11 01:29,59,18.25,0,Sunday,Monsoon
S0970,ST103,2022-12-01 11:12,2022-12-01 12:26,74,19.98,11,Thursday,Winter
S0971,ST104,2022-10-15 19:49,2022-10-15 21:18,89,28.78,19,Saturday,Autumn
S0972,ST105,2022-11-29 22:19,2022-11-29 23:35,76,23.93,22,Tuesday,Autumn
S0973,ST106,2022-11-01 23:29,2022-11-02 00:27,58,15.48,23,Tuesday,Autumn
S0974,ST102,2022-11-15 20:22,2022-11-15 21:13,51,10.21,20,Tuesday,Autumn
S0975,ST101,2022-10-08 13:43,2022-10-08 15:11,88,19.19,13,Saturday,Autumn
S0976,ST102,2022-11-03 07:35,2022-11-03 08:14,39,12.51,7,Thursday,Autumn
S0977,ST105,2022-12-09 12:44,2022-12-09 13:45,61,12.46,12,Friday,Winter
S0978,ST105,2022-11-27 14:58,2022-11-27 15:23,25,6.09,14,Sunday,Autumn
S0979,ST102,2022-12-14 01:58,2022-12-14 02:25,27,9.21,1,Wednesday,Winter
S0980,ST102,2022-09-23 00:28,2022-09-23 01:56,88,20.79,0,Friday,Monsoon
S0981,ST101,2022-12-18 02:49,2022-12-18 04:16,87,28.49,2,Sunday,Winter
S0982,ST102,2022-09-11 12:22,2022-09-11 12:47,25,8.1,12,Sunday,Monsoon
S0983,ST101,2022-11-25 00:25,2022-11-25 01:21,56,13.1,0,Friday,Autumn
S0984,ST101,2022-11-26 19:33,2022-11-26 20:31,58,15.82,19,Saturday,Autumn
S0985,ST104,2022-10-29 15:14,2022-10-29 16:08,54,12.19,15,Saturday,Autumn
S0986,ST105,2022-09-27 20:44,2022-09-27 21:46,62,16.89,20,Tuesday,Monsoon
S0987,ST101,2022-11-11 15:19,2022-11-11 15:41,22,5.61,15,Friday,Autumn
S0988,ST106,2022-12-06 02:48,2022-12-06 03:39,51,9.58,2,Tuesday,Winter
S0989,ST102,2022-11-07 04:12,2022-11-07 04:49,37,12.83,4,Monday,Autumn
S0990,ST106,2022-12-26 20:45,2022-12-26 21:43,58,12.3,20,Monday,Winter
S0991,ST103,2022-11-22 09:06,2022-11-22 09:33,27,4.95,9,Tuesday,Autumn
S0992,ST104,2022-12-21 15:33,2022-12-21 16:47,74,22.19,15,Wednesday,Winter
S0993,ST106,2022-11-14 15:55,2022-11-14 16:53,58,11.21,15,Monday,Autumn
S0994,ST103,2022-10-13 20:16,2022-10-13 20:59,43,9.64,20,Thursday,Autumn
S0995,ST105,2022-09-19 18:03,2022-09-19 18:30,27,6.16,18,Monday,Monsoon
S0996,ST106,2022-11-25 22:39,2022-11-25 23:30,51,16.7,22,Friday,Autumn
S0997,ST104,2022-12-26 22:42,2022-12-26 23:30,48,16.69,22,Monday,Winter
S0998,ST106,2022-12-27 20:12,2022-12-27 21:10,58,16.25,20,Tuesday,Winter
S0999,ST105,2022-12-22 15:06,2022-12-22 15:45,39,7.04,15,Thursday,Winter
S1000,ST101,2022-10-25 18:59,2022-10-25 19:42,43,13.27,18,Tuesday,Autumn
S1001,ST101,2022-12-25 00:25,2022-12-25 01:21,56,18.72,0,Sunday,Winter
S1002,ST101,2022-10-30 01:46,2022-10-30 02:08,22,7.2,1,Sunday,Autumn
S1003,ST105,2022-12-10 15:42,2022-12-10 16:36,54,16.68,15,Saturday,Winter
S1004,ST103,2022-11-27 04:40,2022-11-27 05:21,41,7.53,4,Sunday,Autumn
S1005,ST105,2022-11-28 19:15,2022-11-28 19:44,29,6.3,19,Monday,Autumn
S1006,ST106,2022-10-12 14:27,2022-10-12 15:25,58,14.8,14,Wednesday,Autumn
S1007,ST102,2022-11-16 01:08,2022-11-16 02:13,65,17.59,1,Wednesday,Autumn
S1008,ST106,2022-10-14 22:33,2022-10-14 22:59,26,8.64,22,Friday,Autumn
S1009,ST101,2022-10-18 13:09,2022-10-18 14:01,52,15.54,13,Tuesday,Autumn
S1010,ST101,2022-10-31 18:27,2022-10-31 19:48,81,24.3,18,Monday,Autumn
S1011,ST104,2022-12-03 09:29,2022-12-03 10:47,78,19.59,9,Saturday,Winter
S1012,ST105,2022-10-09 08:46,2022-10-09 09:27,41,11.08,8,Sunday,Autumn
S1013,ST102,2022-09-20 17:38,2022-09-20 18:35,57,11.7,17,Tuesday,Monsoon
S1014,ST101,2022-11-16 23:27,2022-11-17 00:29,62,18.58,23,Wednesday,Autumn
S1015,ST105,2022-09-14 00:29,2022-09-14 01:28,59,13.25,0,Wednesday,Monsoon
S1016,ST105,2022-09-12 10:15,2022-09-12 10:50,35,7.41,10,Monday,Monsoon
S1017,ST102,2022-11-24 06:32,2022-11-24 07:06,34,9.6,6,Thursday,Autumn
S1018,ST101,2022-10-27 23:21,2022-10-27 23:42,21,5.9,23,Thursday,Autumn
S1019,ST106,2022-09-20 08:45,2022-09-20 10:11,86,16.21,8,Tuesday,Monsoon
S1020,ST105,2022-11-02 21:47,2022-11-02 22:36,49,16.45,21,Wednesday,Autumn
S1021,ST101,2022-11-03 12:31,2022-11-03 13:04,33,9.9,12,Thursday,Autumn
S1022,ST105,2022-12-13 19:24,2022-12-13 19:50,26,6.26,19,Tuesday,Winter
S1023,ST106,2022-11-13 00:43,2022-11-13 01:17,34,11.67,0,Sunday,Autumn
S1024,ST103,2022-10-26 12:03,2022-10-26 12:34,31,10.05,12,Wednesday,Autumn
S1025,ST104,2022-09-03 02:38,2022-09-03 03:23,45,10.11,2,Saturday,Monsoon
S1026,ST104,2022-12-11 15:47,2022-12-11 16:23,36,7.3,15,Sunday,Winter
S1027,ST105,2022-11-13 16:07,2022-11-13 16:45,38,9.96,16,Sunday,Autumn
S1028,ST106,2022-12-14 20:21,2022-12-14 20:51,30,9.15,20,Wednesday,Winter
S1029,ST105,2022-09-11 21:36,2022-09-11 22:10,34,11.27,21,Sunday,Monsoon
S1030,ST106,2022-10-06 11:22,2022-10-06 12:29,67,17.51,11,Thursday,Autumn
S1031,ST103,2022-09-08 02:10,2022-09-08 03:22,72,13.82,2,Thursday,Monsoon
S1032,ST103,2022-10-30 12:33,2022-10-30 13:14,41,8.23,12,Sunday,Autumn
S1033,ST102,2022-11-12 00:11,2022-11-12 00:53,42,10.21,0,Saturday,Autumn
S1034,ST102,2022-09-03 20:54,2022-09-03 21:51,57,18.65,20,Saturday,Monsoon
S1035,ST106,2022-10-30 20:25,2022-10-30 21:30,65,16.12,20,Sunday,Autumn
S1036,ST105,2022-09-28 01:16,2022-09-28 02:08,52,13.7,1,Wednesday,Monsoon
S1037,ST105,2022-09-01 04:54,2022-09-01 06:12,78,18.04,4,Thursday,Monsoon
S1038,ST102,2022-12-17 12:33,2022-12-17 13:21,48,11.95,12,Saturday,Winter
S1039,ST105,2022-11-20 22:14,2022-11-20 23:42,88,25.1,22,Sunday,Autumn
S1040,ST104,2022-11-23 16:48,2022-11-23 17:31,43,12.66,16,Wednesday,Autumn
S1041,ST105,2022-10-14 23:45,2022-10-15 00:28,43,7.88,23,Friday,Autumn
S1042,ST103,2022-11-16 18:56,2022-11-16 20:16,80,22.47,18,Wednesday,Autumn
S1043,ST104,2022-10-26 01:56,2022-10-26 03:05,69,15.72,1,Wednesday,Autumn
S1044,ST102,2022-11-11 05:47,2022-11-11 06:15,28,8.8,5,Friday,Autumn
S1045,ST103,2022-12-07 13:26,2022-12-07 14:08,42,12.03,13,Wednesday,Winter
S1046,ST106,2022-11-14 17:34,2022-11-14 18:22,48,11.79,17,Monday,Autumn
S1047,ST103,2022-12-08 02:34,2022-12-08 03:14,40,7.28,2,Thursday,Winter
S1048,ST101,2022-10-09 00:02,2022-10-09 00:47,45,12.94,0,Sunday,Autumn
S1049,ST102,2022-11-03 20:25,2022-11-03 21:18,53,14.71,20,Thursday,Autumn
S1050,ST106,2022-12-13 13:11,2022-12-13 13:49,38,11.7,13,Tuesday,Winter
S1051,ST101,2022-09-04 05:49,2022-09-04 06:17,28,6.94,5,Sunday,Monsoon
S1052,ST101,2022-10-01 21:02,2022-10-01 22:19,77,15.93,21,Saturday,Autumn
S1053,ST101,2022-10-22 10:42,2022-10-22 11:05,23,5.75,10,Saturday,Autumn
S1054,ST102,2022-11-21 07:57,2022-11-21 09:11,74,24.09,7,Monday,Autumn
S1055,ST103,2022-11-18 13:16,2022-11-18 13:38,22,7.32,13,Friday,Autumn
S1056,ST102,2022-09-14 08:40,2022-09-14 09:03,23,6.76,8,Wednesday,Monsoon
S1057,ST102,2022-12-18 13:35,2022-12-18 14:49,74,21.06,13,Sunday,Winter
S1058,ST102,2022-11-25 15:30,2022-11-25 16:27,57,11.49,15,Friday,Autumn
S1059,ST103,2022-10-30 15:07,2022-10-30 15:27,20,5.09,15,Sunday,Autumn
S1060,ST106,2022-09-08 12:56,2022-09-08 13:57,61,15.81,12,Thursday,Monsoon
S1061,ST101,2022-12-01 10:33,2022-12-01 11:18,45,9.92,10,Thursday,Winter
S1062,ST103,2022-10-03 15:13,2022-10-03 15:38,25,4.92,15,Monday,Autumn
S1063,ST103,2022-09-17 12:11,2022-09-17 12:36,25,7.87,12,Saturday,Monsoon
S1064,ST106,2022-10-28 03:32,2022-10-28 04:00,28,6.63,3,Friday,Autumn
S1065,ST101,2022-09-19 05:59,2022-09-19 07:28,89,28.91,5,Monday,Monsoon
S1066,ST101,2022-10-02 22:26,2022-10-02 23:54,88,26.61,22,Sunday,Autumn
S1067,ST105,2022-09-21 12:34,2022-09-21 13:00,26,4.98,12,Wednesday,Monsoon
S1068,ST103,2022-10-14 14:37,2022-10-14 15:35,58,16.52,14,Friday,Autumn
S1069,ST106,2022-11-11 18:28,2022-11-11 19:12,44,10.49,18,Friday,Autumn
S1070,ST106,2022-09-10 22:47,2022-09-10 23:08,21,3.78,22,Saturday,Monsoon
S1071,ST103,2022-10-02 01:13,2022-10-02 02:08,55,16.81,1,Sunday,Autumn
S1072,ST106,2022-10-05 19:51,2022-10-05 20:49,58,14.78,19,Wednesday,Autumn
S1073,ST102,2022-10-02 19:32,2022-10-02 20:30,58,16.8,19,Sunday,Autumn
S1074,ST105,2022-10-10 09:32,2022-10-10 10:15,43,10.31,9,Monday,Autumn
S1075,ST101,2022-10-30 17:24,2022-10-30 18:29,65,19.11,17,Sunday,Autumn
S1076,ST103,2022-10-12 23:39,2022-10-13 00:43,64,19.85,23,Wednesday,Autumn
S1077,ST105,2022-09-09 05:16,2022-09-09 06:34,78,16.34,5,Friday,Monsoon
S1078,ST106,2022-10-09 21:53,2022-10-09 23:03,70,23.66,21,Sunday,Autumn
S1079,ST101,2022-10-16 12:59,2022-10-16 13:49,50,11.09,12,Sunday,Autumn
S1080,ST103,2022-10-27 16:46,2022-10-27 17:53,67,15.34,16,Thursday,Autumn
S1081,ST102,2022-12-25 04:00,2022-12-25 04:56,56,11.92,4,Sunday,Winter
S1082,ST103,2022-10-19 17:11,2022-10-19 18:32,81,16.21,17,Wednesday,Autumn
S1083,ST104,2022-10-11 21:55,2022-10-11 23:14,79,22.63,21,Tuesday,Autumn
S1084,ST106,2022-11-08 08:30,2022-11-08 09:11,41,10.38,8,Tuesday,Autumn
S1085,ST103,2022-11-29 06:30,2022-11-29 07:31,61,18.32,6,Tuesday,Autumn
S1086,ST105,2022-11-05 16:38,2022-11-05 18:00,82,15.12,16,Saturday,Autumn
S1087,ST106,2022-09-08 22:23,2022-09-08 23:06,43,12.4,22,Thursday,Monsoon
S1088,ST102,2022-11-28 21:37,2022-11-28 22:37,60,18.57,21,Monday,Autumn
S1089,ST102,2022-12-12 18:03,2022-12-12 18:40,37,10.58,18,Monday,Winter
S1090,ST103,2022-09-26 04:11,2022-09-26 04:51,40,7.44,4,Monday,Monsoon
S1091,ST103,2022-10-26 20:28,2022-10-26 21:21,53,11.62,20,Wednesday,Autumn
S1092,ST105,2022-09-05 22:17,2022-09-05 23:15,58,17.25,22,Monday,Monsoon
S1093,ST106,2022-12-01 02:05,2022-12-01 03:10,65,12.89,2,Thursday,Winter
S1094,ST103,2022-11-21 01:04,2022-11-21 02:04,60,11.72,1,Monday,Autumn
S1095,ST103,2022-10-14 04:37,2022-10-14 05:43,66,13.03,4,Friday,Autumn
S1096,ST104,2022-11-03 10:42,2022-11-03 11:03,21,4.48,10,Thursday,Autumn
S1097,ST105,2022-09-20 07:53,2022-09-20 08:49,56,17.32,7,Tuesday,Monsoon
S1098,ST106,2022-10-23 22:26,2022-10-23 23:53,87,23.49,22,Sunday,Autumn
S1099,ST105,2022-09-04 10:28,2022-09-04 11:05,37,8.23,10,Sunday,Monsoon
S1100,ST105,2022-12-10 10:50,2022-12-10 12:16,86,29.01,10,Saturday,Winter
S1101,ST101,2022-12-02 11:52,2022-12-02 12:40,48,13.17,11,Friday,Winter
S1102,ST105,2022-11-14 19:19,2022-11-14 19:50,31,9.14,19,Monday,Autumn
S1103,ST105,2022-10-12 18:07,2022-10-12 19:26,79,24.94,18,Wednesday,Autumn
S1104,ST102,2022-10-03 17:20,2022-10-03 18:28,68,18.85,17,Monday,Autumn
S1105,ST101,2022-10-19 08:27,2022-10-19 09:57,90,21.72,8,Wednesday,Autumn
S1106,ST103,2022-10-18 09:39,2022-10-18 11:09,90,25.41,9,Tuesday,Autumn
S1107,ST104,2022-09-04 09:01,2022-09-04 09:55,54,17.59,9,Sunday,Monsoon
S1108,ST105,2022-12-27 09:09,2022-12-27 10:32,83,19.8,9,Tuesday,Winter
S1109,ST104,2022-10-27 11:27,2022-10-27 12:18,51,9.48,11,Thursday,Autumn
S1110,ST103,2022-11-20 11:44,2022-11-20 12:26,42,10.09,11,Sunday,Autumn
S1111,ST103,2022-09-01 04:57,2022-09-01 06:16,79,18.35,4,Thursday,Monsoon
S1112,ST102,2022-11-24 19:01,2022-11-24 20:31,90,17.81,19,Thursday,Autumn
S1113,ST105,2022-12-10 08:24,2022-12-10 08:44,20,6.85,8,Saturday,Winter
S1114,ST106,2022-09-11 13:52,2022-09-11 14:30,38,9.68,13,Sunday,Monsoon
S1115,ST103,2022-09-01 03:41,2022-09-01 04:19,38,12.34,3,Thursday,Monsoon
S1116,ST102,2022-09-08 03:55,2022-09-08 04:41,46,12.16,3,Thursday,Monsoon
S1117,ST106,2022-09-05 06:01,2022-09-05 07:00,59,11.4,6,Monday,Monsoon
S1118,ST105,2022-11-30 08:18,2022-11-30 08:45,27,6.27,8,Wednesday,Autumn
S1119,ST105,2022-09-27 17:21,2022-09-27 17:47,26,5.84,17,Tuesday,Monsoon
S1120,ST104,2022-11-01 11:57,2022-11-01 12:22,25,4.62,11,Tuesday,Autumn
S1121,ST101,2022-12-29 07:30,2022-12-29 07:56,26,6.72,7,Thursday,Winter
S1122,ST101,2022-10-29 18:43,2022-10-29 19:53,70,22.02,18,Saturday,Autumn
S1123,ST102,2022-11-05 00:40,2022-11-05 01:17,37,7.51,0,Saturday,Autumn
S1124,ST104,2022-11-15 09:02,2022-11-15 09:28,26,5.26,9,Tuesday,Autumn
S1125,ST103,2022-09-19 16:38,2022-09-19 17:35,57,19.93,16,Monday,Monsoon
S1126,ST104,2022-11-07 02:20,2022-11-07 03:21,61,12.55,2,Monday,Autumn
S1127,ST105,2022-12-06 14:28,2022-12-06 15:51,83,23.63,14,Tuesday,Winter
S1128,ST104,2022-12-04 17:35,2022-12-04 18:10,35,9.78,17,Sunday,Winter
S1129,ST106,2022-12-23 07:52,2022-12-23 09:10,78,21.97,7,Friday,Winter
S1130,ST102,2022-10-12 10:33,2022-10-12 11:48,75,13.76,10,Wednesday,Autumn
S1131,ST101,2022-09-24 05:35,2022-09-24 06:54,79,16.77,5,Saturday,Monsoon
S1132,ST101,2022-09-28 11:43,2022-09-28 12:29,46,12.24,11,Wednesday,Monsoon
S1133,ST102,2022-10-22 10:36,2022-10-22 11:25,49,11.59,10,Saturday,Autumn
S1134,ST101,2022-11-23 01:48,2022-11-23 03:03,75,24.88,1,Wednesday,Autumn
S1135,ST105,2022-11-04 03:32,2022-11-04 04:56,84,20.53,3,Friday,Autumn
S1136,ST105,2022-11-27 20:19,2022-11-27 21:30,71,16.02,20,Sunday,Autumn
S1137,ST106,2022-12-02 06:09,2022-12-02 06:41,32,11.04,6,Friday,Winter
S1138,ST102,2022-11-26 14:08,2022-11-26 14:51,43,9.32,14,Saturday,Autumn
S1139,ST105,2022-09-30 12:26,2022-09-30 13:22,56,16.55,12,Friday,Monsoon
S1140,ST105,2022-09-03 08:23,2022-09-03 09:00,37,9.45,8,Saturday,Monsoon
S1141,ST105,2022-10-28 22:23,2022-10-28 23:07,44,10.91,22,Friday,Autumn
S1142,ST102,2022-11-03 19:49,2022-11-03 20:58,69,16.4,19,Thursday,Autumn
S1143,ST106,2022-09-17 04:03,2022-09-17 04:56,53,17.0,4,Saturday,Monsoon
S1144,ST103,2022-10-06 02:04,2022-10-06 03:03,59,18.11,2,Thursday,Autumn
S1145,ST101,2022-10-11 04:01,2022-10-11 04:32,31,8.7,4,Tuesday,Autumn
S1146,ST104,2022-10-24 20:19,2022-10-24 21:37,78,27.19,20,Monday,Autumn
S1147,ST104,2022-11-17 07:14,2022-11-17 07:51,37,7.54,7,Thursday,Autumn
S1148,ST102,2022-10-28 01:37,2022-10-28 02:23,46,13.95,1,Friday,Autumn
S1149,ST105,2022-09-20 09:29,2022-09-20 10:25,56,16.67,9,Tuesday,Monsoon
S1150,ST102,2022-11-02 04:59,2022-11-02 05:46,47,11.34,4,Wednesday,Autumn
S1151,ST105,2022-10-05 23:40,2022-10-06 00:45,65,21.87,23,Wednesday,Autumn
S1152,ST106,2022-11-02 00:24,2022-11-02 01:41,77,24.28,0,Wednesday,Autumn
S1153,ST101,2022-11-08 15:01,2022-11-08 15:22,21,4.2,15,Tuesday,Autumn
S1154,ST104,2022-12-08 18:52,2022-12-08 20:00,68,22.42,18,Thursday,Winter
S1155,ST105,2022-09-04 04:53,2022-09-04 05:20,27,5.54,4,Sunday,Monsoon
S1156,ST102,2022-10-10 22:05,2022-10-10 22:55,50,14.95,22,Monday,Autumn
S1157,ST104,2022-10-14 08:25,2022-10-14 09:47,82,27.57,8,Friday,Autumn
S1158,ST102,2022-10-25 07:20,2022-10-25 08:32,72,19.81,7,Tuesday,Autumn
S1159,ST103,2022-10-02 13:27,2022-10-02 14:34,67,15.83,13,Sunday,Autumn
S1160,ST106,2022-11-04 22:09,2022-11-04 23:38,89,30.44,22,Friday,Autumn
S1161,ST102,2022-11-15 15:54,2022-11-15 16:37,43,12.6,15,Tuesday,Autumn
S1162,ST104,2022-12-09 20:49,2022-12-09 21:33,44,8.93,20,Friday,Winter
S1163,ST103,2022-12-24 11:54,2022-12-24 12:14,20,5.23,11,Saturday,Winter
S1164,ST104,2022-11-30 14:18,2022-11-30 14:46,28,7.38,14,Wednesday,Autumn
S1165,ST103,2022-11-12 03:02,2022-11-12 03:36,34,6.19,3,Saturday,Autumn
S1166,ST103,2022-10-12 16:30,2022-10-12 17:55,85,24.01,16,Wednesday,Autumn
S1167,ST103,2022-09-23 01:19,2022-09-23 01:42,23,7.09,1,Friday,Monsoon
S1168,ST102,2022-09-04 08:49,2022-09-04 09:18,29,8.4,8,Sunday,Monsoon
S1169,ST101,2022-11-28 02:46,2022-11-28 03:14,28,8.75,2,Monday,Autumn
S1170,ST106,2022-12-09 01:20,2022-12-09 02:02,42,13.33,1,Friday,Winter
S1171,ST105,2022-10-27 19:36,2022-10-27 20:14,38,7.58,19,Thursday,Autumn
S1172,ST102,2022-12-20 14:33,2022-12-20 15:38,65,21.14,14,Tuesday,Winter
S1173,ST102,2022-10-07 19:46,2022-10-07 21:11,85,27.08,19,Friday,Autumn
S1174,ST102,2022-12-10 01:04,2022-12-10 01:56,52,9.57,1,Saturday,Winter
S1175,ST105,2022-09-08 09:23,2022-09-08 10:37,74,14.64,9,Thursday,Monsoon
S1176,ST102,2022-09-23 03:34,2022-09-23 04:32,58,18.13,3,Friday,Monsoon
S1177,ST102,2022-12-23 10:13,2022-12-23 10:50,37,7.5,10,Friday,Winter
S1178,ST101,2022-11-04 09:44,2022-11-04 10:25,41,14.12,9,Friday,Autumn
S1179,ST103,2022-09-23 17:48,2022-09-23 18:35,47,12.77,17,Friday,Monsoon
S1180,ST105,2022-11-25 10:52,2022-11-25 12:06,74,23.73,10,Friday,Autumn
S1181,ST103,2022-12-26 08:04,2022-12-26 08:55,51,14.38,8,Monday,Winter
S1182,ST104,2022-12-26 09:10,2022-12-26 10:01,51,11.5,9,Monday,Winter
S1183,ST106,2022-09-11 00:41,2022-09-11 01:54,73,19.97,0,Sunday,Monsoon
S1184,ST103,2022-09-17 08:41,2022-09-17 09:09,28,6.89,8,Saturday,Monsoon
S1185,ST106,2022-10-28 06:53,2022-10-28 07:21,28,6.52,6,Friday,Autumn
S1186,ST106,2022-11-28 12:40,2022-11-28 13:18,38,9.23,12,Monday,Autumn
S1187,ST104,2022-10-09 12:41,2022-10-09 13:35,54,18.65,12,Sunday,Autumn
S1188,ST102,2022-12-21 09:58,2022-12-21 10:33,35,6.79,9,Wednesday,Winter
S1189,ST106,2022-10-13 07:57,2022-10-13 09:04,67,22.49,7,Thursday,Autumn
S1190,ST103,2022-12-29 02:44,2022-12-29 03:17,33,11.1,2,Thursday,Winter
S1191,ST104,2022-12-18 09:09,2022-12-18 10:29,80,21.31,9,Sunday,Winter
S1192,ST106,2022-10-26 06:15,2022-10-26 06:59,44,11.2,6,Wednesday,Autumn
S1193,ST103,2022-11-19 06:35,2022-11-19 07:11,36,11.89,6,Saturday,Autumn
S1194,ST101,2022-09-01 10:01,2022-09-01 10:23,22,5.42,10,Thursday,Monsoon
S1195,ST101,2022-10-17 03:55,2022-10-17 04:17,22,5.04,3,Monday,Autumn
S1196,ST103,2022-10-07 15:59,2022-10-07 16:46,47,11.09,15,Friday,Autumn
S1197,ST106,2022-09-03 01:03,2022-09-03 02:03,60,17.39,1,Saturday,Monsoon
S1198,ST104,2022-11-02 12:04,2022-11-02 13:26,82,15.32,12,Wednesday,Autumn
S1199,ST104,2022-09-25 19:40,2022-09-25 20:12,32,5.77,19,Sunday,Monsoon
S1200,ST103,2022-12-09 02:29,2022-12-09 03:05,36,10.3,2,Friday,Winter
